cookie_id,score
ck_315fb710a0e371e7,0.0014950657630335088
ck_a76ee3b3e3e522fd,0.056389005414724976
ck_94c9a4d382689e82,0.06352095359483735
ck_8eaf9509ad9462a0,0.0012977751735464183
ck_9a88a5a989cb5bc6,0.06553753527258584
ck_15239ef0689c1a35,0.01855097939384795
ck_8de69cd219d3b87f,0.8840935181538715
ck_f92cd37022b0ce21,0.008180209973148873
ck_1a3ff7620580a514,0.006145484665772926
ck_397c03aa33a57310,0.08837952438197222
ck_a7cf6c3b322f6b7a,0.014179772233526027
ck_c39a9e75760e3201,0.0012761821599777078
ck_88ab6d245228c38e,0.0007441781789580246
ck_17733f75ebdea93e,0.003295487868994599
ck_58eb871e8d7bed52,0.03813749497420693
ck_e55b7fa67db1ec27,0.0011398473809658067
ck_62f5cfe22c952694,0.00398219069708584
ck_7fbb709a0fe95759,0.006444558865000326
ck_87abe9cd066a20fb,0.010698112994838705
ck_d58e058b5c553dd5,0.004349089482724559
ck_d27b872648b71202,0.006563327030140024
ck_4b4a3c5b95c55b43,0.0010127742868647365
ck_66dd4f4b4127256d,0.0011343015737130344
ck_93cc12703b500613,0.03652974200874441
ck_d28806a2179092eb,0.9922394513217264
ck_0595c2a0c7881e05,0.008177405284132688
ck_50087d8666191144,0.31718563303329894
ck_b08b3f089138c901,0.014413594853636885
ck_fe3b67041dad2dd1,0.0011263714680019522
ck_8449a28f7d475d93,0.011843154000949386
ck_8642e3b6d84f49d3,0.007590740038564889
ck_e49b5e4f2f2e79db,0.3709790040250776
ck_437afe412ea4259c,0.07299631989640112
ck_569b83668d74042d,0.9000060045063093
ck_233a487d31c3e631,0.9834375775272384
ck_1fca72e03143a645,0.9497106881229622
ck_79205e31223df2ad,0.012456657848344982
ck_9625a64406ea16e3,0.0023325342665924675
ck_079bd18dacb704a8,0.1596050753882723
ck_4db6d4fd2b49aa81,0.020242062499707208
ck_0dbefdac0a1868fb,0.0008481620440452878
ck_24ff97ad90bdd69a,0.03092780962234587
ck_77f8c5042065d506,0.004747234208142093
ck_f11be8ce05382cec,0.003398070324636589
ck_c9d72140b0389216,0.03335506823392532
ck_69eda24e931fb36a,0.0012222289934833827
ck_ed471e496916ee15,0.001225960831438523
ck_ff090498c4b17ac3,0.021526261163773236
ck_c3c19d6a0720915c,0.0016819100113291208
ck_af02e1817cfa40b5,0.012081045479827506
ck_2df5a9fc87553eb1,0.006177978018216599
ck_4ac918e884cff336,0.014147457558151152
ck_ca149244b54ef3ad,0.0004709196087763886
ck_6babe5b8674ff51f,0.013256041307584484
ck_1573878386886290,0.004242113447391353
ck_3925f8565abb7fe4,0.006910645905224166
ck_c4de808ae69c771f,0.0012319690157257
ck_a777c813551281fe,0.0037609152692483993
ck_df4424f6dd85080d,0.008112672540594007
ck_85e5494ec20383ae,0.016275113330124602
ck_f71a4094e889c3af,0.0046277798374693875
ck_f2f3cf9cd23b2809,0.018398435709973175
ck_18e2076397bcc211,0.03829113350078148
ck_c9f9fddef39bc664,0.023849010957512594
ck_7e826e233d6ea028,0.028223786355565862
ck_62fd7eb46bee9210,0.01048413921706856
ck_206f8e3cd72768f3,0.02177861803517806
ck_aa295a11b0a6ab36,0.0046709125209061335
ck_9a56739d81f84a53,0.001352388562579869
ck_aa075c418ed9fe5a,0.006908072606878921
ck_62b9fb3db284941b,0.002681255914048196
ck_f4f83b1403ebea46,0.017330188621045243
ck_16b66bd803288bc3,0.7223674459666372
ck_c4ca1434f3778f1d,0.9947602142186204
ck_1b823610371a29c0,0.008229059247951248
ck_c2bd5a722aa637d9,0.004803143641978375
ck_7890208951df34f0,0.009783947194039274
ck_020eb0e454524ecd,0.002617366967995362
ck_3b66196ccf436c35,0.006732905121328477
ck_109fc467ec0a4af5,0.036706405647619914
ck_f3dcd818db92de7b,0.0069436324187353085
ck_31e7742f160980ef,0.016476956873016917
ck_77fce5f86f00b8f4,0.3688701423786428
ck_46bc797b4d07d607,0.0011735323922510128
ck_37899b1b571b1c6b,0.009541500320742158
ck_ef8a6af43fedd464,0.001930618528421031
ck_bcc8519fe8521038,0.06415107081005139
ck_90696b7182dd9129,0.01226083646246267
ck_4a24ad61d017e1ba,0.017046034283630215
ck_0acc3d8c67218b9d,0.004679686539875898
ck_05c97fc9de11aba6,0.5540594787927411
ck_f8ac3a0500c0ec62,0.006601463380920406
ck_617b65141f546a1c,0.0019474859054666863
ck_9d00823bf60388d7,0.009062501585875338
ck_123c15d93f1840f2,0.06081742919865448
ck_573feefba6bf78bb,0.06317485290554013
ck_b25657bd16739036,0.011281704301798517
ck_bd26d2bef14a8597,0.004655397615693482
ck_a553418f2fba1440,0.007249449028044054
ck_89f3e380b0686963,0.004138543203402533
ck_b359192aa659bdce,0.049362882782083194
ck_02241f3dc301bebf,0.010474089077533204
ck_5ccc1a1c78cb33ee,0.01228156451658413
ck_349cc5edda1b8853,0.024387073523239496
ck_e9f228845bf6e28b,0.06041576189406782
ck_0a45d033d4e280ea,0.013658396235533927
ck_7e63168dda612235,0.01795692578229848
ck_676fa5f6aae5475b,0.002548217355706281
ck_74b502b20690ccfe,0.006053769301127332
ck_073509af21dd7f5f,0.8802165415501588
ck_498a0acd450944d8,0.001038370034547396
ck_7f15b50b29dead01,0.010430409915172517
ck_8089fe7403c5f537,0.011597500419303304
ck_05b2b04e11d9ae9c,0.008792349939041513
ck_31e70f2f04b48b88,0.0013511994402949465
ck_994316fa5a02b319,0.0016193492674195387
ck_b76510998b9a2260,0.00454137370515074
ck_4db95c310e105d30,0.0012203571479601513
ck_6f730b77dc6cdb84,0.0023625087849780215
ck_2493ee8e7b91d304,0.010364478648180568
ck_92d679d6ac7dcdcb,0.04152445849852358
ck_3a0e0200cbb185cb,0.010995913886887124
ck_0b2eeb4e00ff7955,0.012877209118780783
ck_9843d0e61c37ebe8,0.9936338121464078
ck_e61c8721e3ef1921,0.004605386966005056
ck_2e0eedaaf2980c2c,0.005443470055833873
ck_9036b2e5e9298a34,0.005416523845175237
ck_3265442528d51728,0.0042895731674572985
ck_f2ddae2eb1cb29b4,0.00682686706634685
ck_6cfa71d27fc27f92,0.017709348657856856
ck_f3199fbe84a28b9a,0.008932559981978304
ck_b78d785ca3ef773a,0.004131101327994778
ck_374865697f1480eb,0.022227536863643035
ck_06d0e4a9189302a9,0.018264898064187476
ck_9c9884b9bcaa552e,0.06279475566486409
ck_fd4cf578e87703ff,0.011188850932727971
ck_1917ef3e6e345549,0.07010521745173838
ck_e70418b00cbbbac9,0.07114555916213526
ck_a60388296a47062c,0.00827354329457871
ck_d598fe8d2c779ab9,0.0033819162227877305
ck_646dc03de4c31803,0.881054734465237
ck_e4fd8cbd842b6993,0.0009506215000143742
ck_2225b555aa2a42ed,0.020011873481034587
ck_6be8ae9d78148882,0.003918516832526717
ck_4199342d3aca74e8,0.0606022323860111
ck_779581adb573261f,0.041276004234048154
ck_bb303568b6915205,0.3082991889732489
ck_17c4296276448afe,0.0033058858041543934
ck_a60a61ac829252a0,0.005570511202602738
ck_6ea70950c1cae00b,0.9273545161298554
ck_1abb93f6924645e1,0.0061378872272825485
ck_faab769cce19879a,0.029330519913258815
ck_d5b8e74e7ca6355a,0.026066897938840754
ck_f11f7691af16ad07,0.0012262902624399954
ck_188fdf2be7c92e9d,0.9911947452261889
ck_4a103f8254b366f7,0.007404165870032015
ck_bfa17a0b1760e616,0.0014567690622851904
ck_a4d7f6a5869d440a,0.9555612520471224
ck_58e20f5a3e7f11b8,0.6896121768934043
ck_4becdd3d2696c7ba,0.0022832272150843636
ck_dad5cf32ab9f243f,0.004167569626486209
ck_7d9f73dc7c4f90c3,0.029917034914865498
ck_c19371047a2d011d,0.004940454481733949
ck_247589ff532f7aa8,0.006749844437253593
ck_7a9f241d5f082567,0.0034277501812534873
ck_0a2b7078736b4dda,0.004059413939662193
ck_687b412e2aac7eb6,0.008072009645141636
ck_fce0b6855886a0b8,0.005409138752730319
ck_e291cc60920456d0,0.0550600229532705
ck_04219a7ea798db51,0.06679666409665694
ck_286bfd719836e9f3,0.07365631571887486
ck_55efc92394fee232,0.008821443729053607
ck_e36c8da1bd359960,0.03089027806487052
ck_34b0988a97d96902,0.006695697789208546
ck_e0fb11fc9dcb34e6,0.009993446512857473
ck_bcc9cbc9ed8b7c31,0.01217988920109017
ck_3df8da6f60a89a5b,0.01153710557094943
ck_b1495ee5c59a6b28,0.013939289725049164
ck_58f4c3ac61fda129,0.036907513094765185
ck_735f244b99e3aa8d,0.0048870466109326325
ck_6b93bd8abf87b1d6,0.9240024517766608
ck_12107dacc6d05bd1,0.0017613280915501379
ck_f96db2a1f3448d1f,0.0096262015377438
ck_8fd91a3c99e19097,0.14231922281638995
ck_910205d25388a0ae,0.0022691386299060453
ck_d229dfa0e4442628,0.0008725424977285001
ck_7cdec61e1c488798,0.07177775485631854
ck_f66f06e24ff32671,0.017139988638691716
ck_350bf14e90b503f5,0.006339345189861188
ck_61fff5fdaadd394b,0.010632688103577861
ck_e934f984bad2ff91,0.9363241474265943
ck_ff6a6d3547dd2d37,0.01003526164192321
ck_65ad9b15979e3247,0.012645776740593855
ck_bbe1a2ea5a403ad8,0.23027488129403595
ck_6f3a28eecd2c4031,0.014268691888377833
ck_a89b66665714058f,0.005639549298440342
ck_918c92182b6817cd,0.00852727145759711
ck_64f5eb4be9e7b8fa,0.24525354159314922
ck_d021fd497ea35fb2,0.022138512740640662
ck_004de16f7d8a42ae,0.012200392208617973
ck_a33d2325f86ab12d,0.002170246386195825
ck_89790ff26c844bc6,0.07316998168136152
ck_e6e7257377c37b28,0.14538666554729227
ck_a2cc3910a641a808,0.6048194363423637
ck_646e270e0195bf05,0.002844129010042906
ck_baba5d66def0d770,0.06729127874182617
ck_67cdcdda3033842d,0.04404357385068264
ck_b5c3075c811a2216,0.011369781474171422
ck_515379973a8044b8,0.0020761083678266412
ck_c0ce85fb4109567d,0.013558790515432925
ck_fef850553862aaca,0.0022670441138734386
ck_55d7217b0aff9fa2,0.004362099048484333
ck_8e139f8925ef7968,0.004485285299637819
ck_9e35b908fca1e4d7,0.0010346026782139845
ck_59735f4ab2ad3da5,0.01622345957283889
ck_dc569c1167ccec0d,0.9320053661455427
ck_1dade5592f90a15c,0.06133139063715329
ck_793048d11fb8b328,0.33185669827750885
ck_545b71eb4fa594b5,0.0023785471038286934
ck_bd30853e9a57b544,0.01756502305319945
ck_59f46321ecf6d306,0.007538104077278224
ck_260cfe9141d249f1,0.5140201961574659
ck_3365a0ad1a8aa83c,0.005174149144891281
ck_b0ef193195a2138b,0.005305352616054419
ck_0f909705e2e60f2f,0.002986420982930255
ck_5a540b75c866166a,0.0105311214079897
ck_87c26b2f41025109,0.9894305338024372
ck_27acc9f320cda104,0.1940054996911882
ck_a27bc31eecd9cb9a,0.007683282333079471
ck_115d86fabde77b65,0.0019940231466447976
ck_eeca179341d56f8a,0.7538800190022218
ck_8e5999c436cf037e,0.0015306322221914036
ck_510e7c5df1f95d90,0.9931522420868025
ck_f1acf73363925958,0.011115611951941742
ck_3c177f5970b68bd3,0.008204943851585707
ck_9cdfaa1c30cc9d32,0.001794450248838606
ck_c8efa1538b37c359,0.003671627713338755
ck_a8a2e296f9804bd7,0.009062845757383668
ck_91a0ca45f429568d,0.015934401243032234
ck_5fdf8a0bdbd3ed62,0.008731894992760024
ck_0f4e2ec66d50da5f,0.0021643456443640255
ck_28c53b214b2ee882,0.0755406985617104
ck_003148504557f720,0.02635555525293407
ck_01d840cffb870615,0.1550977471411533
ck_555848d51f4b5f35,0.007237642944783215
ck_df20cc23b8fb8e22,0.016717211946699485
ck_f9604adde929beff,0.0018208380290793407
ck_d66952b03591bdec,0.004094585736861727
ck_ddcac1ab765ff61a,0.007633535190263288
ck_347386629d96c664,0.004629242906870429
ck_ab01db9117acfe3d,0.009446789932546062
ck_58e5359efc52e0ad,0.00400055941592559
ck_1a524b5cc8da71b3,0.01645546319342354
ck_e9287b6d909d731f,0.0013947571072464079
ck_bb41a66e3d90263b,0.16312103857951166
ck_e95c8cc1864bd584,0.0010380864741983107
ck_7a3f2961e9a8b6dc,0.004010061810928172
ck_378a9df82b1e0bee,0.10549322910047709
ck_42633573639a3f02,0.9901821894532861
ck_2a5a4c18c2c7274b,0.02311481627247209
ck_77549c1a41f837c3,0.015681380423911293
ck_a26704b5b26258b7,0.004509343478759402
ck_9874ad160efddf50,0.01947832602402274
ck_9111e3a04b14dfba,0.014950760104778091
ck_651e076ee43aea85,0.02711293482133876
ck_391639c0f13932f3,0.0007964520110563268
ck_02dbabda93c8c13d,0.03568626177319638
ck_0adcb1fffcb0a34b,0.013983491930552839
ck_7a43ef9c7b1c67b5,0.005134600047306988
ck_4b9dd69946438d0b,0.006772469514123625
ck_90bf017cdd37b66e,0.03718786792408694
ck_61c74163eb36556e,0.011826075340916276
ck_13376c59b5bd6943,0.0037757888714409276
ck_62337eccb1672737,0.002716488143089891
ck_16077934338472bf,0.0026637081614065182
ck_0d4dfd93086e7330,0.0036311100185849555
ck_3865b7525b910893,0.005135200919174385
ck_7e2ae8b69ebd5675,0.005443713669201031
ck_b4384b6c11766ce7,0.004579812971291848
ck_3d7fa32dfb9fc692,0.03478926655324985
ck_f4a6a7cadd6e0603,0.052569887193670096
ck_212525e2828a6c45,0.004786163196466433
ck_33ad8d53394ba77a,0.8084005128066701
ck_a5051eafe8b51224,0.00795371775435401
ck_f65e5ff7da565f91,0.001695739973224162
ck_5c37f7563fa7591d,0.00460704783297981
ck_f1e0a006068aff29,0.031001948965619315
ck_c646cdead6fb79d0,0.00711188388951311
ck_f8b3cdffef535330,0.024384943554395466
ck_e5cdbe3aa12c97f6,0.004185318270640752
ck_986e4e61440506d0,0.8141577674524797
ck_6da9c5912e15d9a8,0.0033072892755508345
ck_51d842e6dae74c71,0.0074640740513970865
ck_5fc65c24e0736d5d,0.9834691814464106
ck_babb95a76c69509d,0.04423275532689204
ck_86a2d852a9715432,0.019060080976114564
ck_db4083a0d043def8,0.05778284030955353
ck_96953b8945b7d403,0.011702486248474269
ck_7831ca5c31fb3859,0.04387732300334465
ck_60ac5e5f375daa38,0.0024171945518490718
ck_05d44eb1f5f085ce,0.05728565924411777
ck_432cc19c7eeaa46e,0.009387832876089646
ck_7fc513033af061af,0.03576884521331872
ck_ada6ede84c111719,0.0038850730744599362
ck_6343e0d3b1c2962b,0.01096111917354522
ck_010264ae04f2e902,0.12407389598457096
ck_e9dcf535f8c289eb,0.027603381701734476
ck_37143d9cc296e6fa,0.022882153836315814
ck_61fa051192f3e810,0.013751455649476024
ck_f9f93d1d41be1468,0.8719632928939643
ck_c4f4f28457be8a74,0.003343732128969166
ck_323a71f9452d21cb,0.9105747625920583
ck_170f4688e0acd875,0.21164199425761082
ck_869b1878d09d230d,0.12887282275966772
ck_2f6b33bf46976229,0.001195465709270119
ck_b11e22e75d9b99de,0.0010715001128027036
ck_123d75ffb75b606d,0.0034913773858293866
ck_94295287a04c85d2,0.6171819724519916
ck_1b0434f096795328,0.0036516607387168344
ck_0a4e191cd0a57ce1,0.002342558664914127
ck_d2fbd0df99634676,0.010652693424378962
ck_d51df5e9fbbbcc94,0.01834572413261837
ck_2d3d7d64a6f443f8,0.010096459022893306
ck_731943c682c9394e,0.0053533560124229525
ck_5ccc0c94e5e1f849,0.008634888907822462
ck_c3476080516db25d,0.015938288485838236
ck_5010ffb1c94187b5,0.0017888243279547125
ck_7ef666d67bc70223,0.032989484541940665
ck_c1b493527224a27a,0.0016278732483716845
ck_5d1e25d7acc5af9a,0.01093300242578627
ck_ec30b61cbf517db8,0.002482083670813425
ck_79323eb5d2e5efae,0.010831552165790362
ck_4085cd3bf2661518,0.020124673335330807
ck_2ca91214c357c072,0.09576696752855003
ck_7f3132d6be389657,0.02424123549688412
ck_e7a6b925c8f39a85,0.004023254521967305
ck_c886adec7bac250a,0.03982142686218318
ck_c3f360c2d0ea0a37,0.008495233677965435
ck_a7acd5b015823793,0.009984933869035364
ck_9d64187c0800f84e,0.029341576692193186
ck_5d4ed73b9efd7d11,0.005117127149025479
ck_874eca6776b34dec,0.0018198391141030475
ck_96a9221a87be93c3,0.017379966867668063
ck_68dd79a51eabf5e6,0.03635265268382071
ck_8311cb6755b2016c,0.0011711886149355776
ck_16fc77b2bcf5ec03,0.978836352353734
ck_ad9e2088a33c8c72,0.0005528867184460042
ck_7176bbc97b1e42a1,0.006302399337740531
ck_80dfa54b30f65fff,0.943336306053364
ck_31c54d540b128843,0.002711325574295885
ck_43ea894480567274,0.010433868553189098
ck_9c9e8a38bd5a6c88,0.006828692305117125
ck_1c2dcae19539e148,0.025259499228831476
ck_b0fa8b84e94d8ae0,0.010632340308255812
ck_4ceb43ccd0a81c2f,0.003168784277845684
ck_ba845332b730b596,0.003575691732901763
ck_73d3e8c6077f61e6,0.06780668679695809
ck_b5d0d223ef56473f,0.01169066253403171
ck_949f08f8e80e93ea,0.001828388083815212
ck_73de0b49709e5f8c,0.0027890657768398167
ck_b5935e9722a39819,0.017986354301349903
ck_96247fee0eb44420,0.0028056093660696283
ck_a6def1e4b2d57e0d,0.06290890185691532
ck_aecdc5a96321a2d8,0.011680640877518524
ck_bc61c59970f8de49,0.014200597077560663
ck_c43b4175fc9ac5bd,0.8691234102540832
ck_8ff7a9b23a55fd62,0.010131601841288862
ck_20c99b645f462449,0.004031626764206072
ck_a5ce2ae36fb410d9,0.001991137316729029
ck_96fb9bf556842bbc,0.012718442190389619
ck_b5e4c6dbbed1b773,0.01221571715968517
ck_2085433978e72ea9,0.02989576301788191
ck_2c6b174b063ec637,0.007515255320587865
ck_b20b81b88dabe28d,0.003757914563452624
ck_243c18dbf150831c,0.0029389502792752935
ck_2bb6a17e8eee35cc,0.03123471561892032
ck_66147fb994495396,0.26894599829949983
ck_73f124f075ede0fc,0.004901248671909075
ck_2e315f1b1e533dab,0.00199769417134166
ck_16c7bf94ed3e7a6f,0.0015711858246683316
ck_4a0eae220a762ac5,0.0458215549465571
ck_dc16f939c2f44ad8,0.046781571411107434
ck_817926b449754917,0.0058198322241209
ck_0c0dde42ab64ef87,0.01384041624875041
ck_cb3a40594da6a2ee,0.014232080031591684
ck_d0dc156441fcfdcb,0.007209112872186363
ck_66f0945add423e9e,0.0038922625572774512
ck_a74f6a3030f5d495,0.021456028229345888
ck_1ae460f331e49ae2,0.017040730760107148
ck_2d177b2f4f0b40c9,0.3069953972937936
ck_92e474e4368c4791,0.019918464430326903
ck_3dee83fa2d109484,0.0013719050480054354
ck_80e5ea27848069fe,0.00731265661690373
ck_ed0c4a83701ca230,0.015755952463603087
ck_0b8b7c5c581fd161,0.0007174287841237241
ck_60bf8a2870956fb1,0.007101948376294635
ck_73a54b56a2bf35fe,0.8980810954056389
ck_2296d7a563424883,0.008733786439324868
ck_bc19c383560c7477,0.010760307413498696
ck_861d8e3d88f1079e,0.029763794985898616
ck_3f090fc96c24eb28,0.0019340251820369183
ck_9a6a1f8102febfca,0.05284515214054778
ck_541b6ad5d2fa5a39,0.026394133127514288
ck_a760d38d1bc4de97,0.002013920464383418
ck_7dca4d7ee10b4eeb,0.00180398535762114
ck_15220e78d1545e40,0.011446576385822646
ck_ca24bb0de508efb0,0.01120748293791762
ck_56b389627d8f02c5,0.9826876616550317
ck_48a6754977a44db0,0.004708614772375318
ck_333a43ec339a04cb,0.05839169248121214
ck_f22aacaf86a65d7e,0.06335187237739048
ck_04bd8a1ffaf3ffd8,0.0015914174943255528
ck_2737a72de6b700f3,0.17750549823483552
ck_c35e03b0dd0c3454,0.004210242231959666
ck_e0571312f395cd94,0.01782460435983931
ck_09fab6b9825001b2,0.002564994157203676
ck_18c3a095606209e8,0.0062998172525090615
ck_2a97db9377d01e36,0.005981033392955696
ck_f29dbbfdd2786bd1,0.018299338546746913
ck_35d6c510ad29362e,0.7060601107655856
ck_5468fa99c945d785,0.019920903251211226
ck_6f8102f62c876cc9,0.014901073880749804
ck_91955aab3424ad16,0.0029560124050118748
ck_9a43c0c73a39d759,0.01705505663342664
ck_60b023af6d1e30bf,0.5781603242348602
ck_9704c5cf8659cedc,0.024442088880893383
ck_7e5f02b51b9f78bf,0.10356991255189567
ck_7d3a88d1aa649708,0.8962293565374506
ck_8250eddc1ecb07a0,0.015546197812005749
ck_d979ef95ee44023d,0.013231206432157947
ck_5e5461dac83531ac,0.0043820812450572795
ck_d1bb8890081e0a31,0.0862287198227989
ck_32246c62640648d9,0.0011478737185580867
ck_77a40c7d2f862a32,0.012956542459814991
ck_1c8b94efe9238f5b,0.0021358548498638832
ck_eaf3b6d11bc3cb11,0.0023724701762373964
ck_a4a7ef3ad799c380,0.006544695447180971
ck_d5bd8f68da073cd8,0.003309433961324122
ck_6e6258227fc8db7f,0.0014103147580374444
ck_c35d444e05799db6,0.025848803227408835
ck_74665e1209140ae8,0.007419524411720473
ck_353a272478f7e903,0.003423662325342025
ck_a2c9796ea229a4e2,0.00399736217787309
ck_e0171f91cb3411fe,0.01399345207448148
ck_703499f5410280f7,0.0021646209692085766
ck_ae3a763997f8f385,0.12905463172572904
ck_f7ff94c3df5ac874,0.006683637573754868
ck_f3c16d8f747db046,0.016876408784444342
ck_7ef019ed77276496,0.001431523908715863
ck_d6a4faadab58a3de,0.01346307279693677
ck_ba7b78d31d74c794,0.008202245253586907
ck_36287d063350ce9d,0.004410945589215926
ck_5177fc7137ff26ce,0.002345472697116921
ck_dfd4e79aaa967b63,0.008890501213693653
ck_fb44d15fb93a7157,0.02093577270115552
ck_fca478361870a4ca,0.003856764563032171
ck_e57b94fe57341058,0.0086563142163593
ck_5448c946cc4758fe,0.007732533613340568
ck_c5ece5ffb8800ad4,0.017349676584672395
ck_11cb98211b2ed134,0.8955388884478706
ck_f655399ac75c4450,0.011886467294598316
ck_c817259019588d30,0.01521665829010734
ck_8740a14d8096c6e1,0.019612196402427715
ck_0c5ba86f4e05b38d,0.012094296457017312
ck_ccc917533d4b73d4,0.010786474171907751
ck_9eb80edfa43203de,0.003655739943565374
ck_d1a1cf4cf61d6801,0.02419001806760755
ck_b17c239f160e6017,0.003870759688783153
ck_410c3e13b48e0415,0.002295901952776111
ck_ab553954435e8854,0.9162328362611276
ck_bdbb4230c91e1604,0.02065762281600691
ck_8fd4937eadd64fb6,0.0028571659771672074
ck_e0e90b196bef3c11,0.0011316178622666276
ck_3dc4d464386f0eb2,0.58611741057126
ck_51bbbf8f8e8ad005,0.9965656573552149
ck_c05737ab74cf03c6,0.41753570944727847
ck_dceabbe04d99afc2,0.0010817324206058704
ck_5b86fd14e85bc9c7,0.8936400097287919
ck_d4febf0083800424,0.052881312663487307
ck_77d9f86dcf251739,0.007219589286960755
ck_b4dcebc543deaafb,0.01576721666779289
ck_cb856e75c949b0cc,0.0010332818544173152
ck_61b067de8ffc1ca1,0.02124379173590696
ck_c0e8560ccfd9dd9d,0.0016697202282593263
ck_173e1198c341087b,0.004635507397458802
ck_b4d55bc809000276,0.0066306149567628234
ck_839bf139296b5cea,0.3489653666813848
ck_78cd402a2a4f2e35,0.0015130230931763825
ck_c2925c50ebacbdba,0.0012819111274288172
ck_5e3bc76eddbdb0a6,0.0015290172502711856
ck_b7793edca26fc512,0.017627565298437075
ck_d79bdf04d6f31cd5,0.0025756098196436828
ck_4b97d19ed946f503,0.008752120694868535
ck_37139b41c5370523,0.05421116744817992
ck_8c346eeefa9ce692,0.006744781124932818
ck_2ab7eddee2d8c49e,0.0027793695138311134
ck_29da59ea3bffb9d8,0.10762983511151455
ck_c1d05ef0ec6e4be7,0.005548483108611145
ck_3882423b449f6291,0.9340300277772968
ck_5647030283171ed5,0.5596597051210476
ck_efbdcd9c181e72ca,0.0030434655003140406
ck_192fdad892782daf,0.061113586440295686
ck_0bf2e13b9f2601ac,0.019747950424048415
ck_3d6046a533057795,0.002492680832096644
ck_279a1d3a3836e5cc,0.008860856940076595
ck_c375e929becde422,0.0076709886469508845
ck_a59e90219939a1f0,0.0013377652078496464
ck_4e9fba1ec54c3ff8,0.0034496295587709155
ck_bcbd8588a13f5eef,0.0038523541729077993
ck_5f9a7ff990341bdd,0.00313247957540463
ck_e0403d507519b7d2,0.02259693228685504
ck_c9490cb61aff5112,0.05443158648187542
ck_41dd44308e6a665a,0.04933284039918084
ck_76c23726cd7ca947,0.006851241439232379
ck_9be551300209fa83,0.010201774031237136
ck_a98848eec6c9581e,0.018533934137592148
ck_61176dafb33b2d8a,0.3040904351034523
ck_92de019e05971ce3,0.005389988445328447
ck_5d644224135d7c65,0.020924586155105437
ck_c767fc454fa215d0,0.003997653283379524
ck_5df85a8924e11f27,0.02650743114438782
ck_da2729307af06ed5,0.024065850620953535
ck_7c6b577174af7a78,0.006840331768893136
ck_893b8afbe11301e1,0.008214101048986103
ck_e06f6fed020ae014,0.005518488980151008
ck_386680372fb54857,0.0036971683316726865
ck_7a7f3c4fe0c9d2ca,0.0032727952816157136
ck_f908b527c4db422d,0.03554026901646642
ck_ec2eee6a133e9a6f,0.012071680146383261
ck_d98934f9fe0b02b3,0.0008862522620259591
ck_398a1ed77b0130e5,0.006677007470110191
ck_d960af7a55b892b1,0.007314959336574799
ck_4637e54a9f79e2e7,0.0031129013044045944
ck_02b9f418524f6650,0.013143067867331314
ck_d4b23804cebb045d,0.00630728619015894
ck_35b1939c48182a9a,0.06411288736827488
ck_2dcbb71e39d64305,0.011879580270536209
ck_47a884dec960ff2d,0.00465136238526896
ck_71fd8c346fde5cca,0.02986240672587144
ck_98e1992ac8e7d2de,0.1628641231583177
ck_ae7780327e210522,0.016490283088361556
ck_e6c584b4b1ad6d9d,0.005413215318772582
ck_344b2e326a6c3dcc,0.0025099612592202627
ck_9aa899a5230b0963,0.026485456605694364
ck_e48d14d5b70ef5aa,0.03930508870830164
ck_59d380a0973b3951,0.028896794738390512
ck_11318f7c041a5ba9,0.005953279714898616
ck_7061786fe2f22f5a,0.01791121998936541
ck_e77529651c416cf7,0.013377787489381456
ck_7f79878197340435,0.0048050701119931065
ck_b0a0fb0ee9ebf106,0.003009500562539487
ck_70c7679199776a90,0.0057560181808825415
ck_b9facd2210daca5c,0.15718435383369464
ck_9949f53c155b8dde,0.01859020007373874
ck_1c607e24f2c4397a,0.04857036942350794
ck_aefd1ce3ce093cbd,0.0019309032740640675
ck_5a29b7018e43280c,0.0006819264704424794
ck_69eb0b2ccfbe5f95,0.018219380538867735
ck_fe037765aa465c58,0.012226203064474452
ck_5e512ef5362a3dd6,0.0022331309597579444
ck_544a9e80b7fdc279,0.004241298737821423
ck_7825494e654d5695,0.015143238189346516
ck_f1f2c3c623553f0d,0.0010356304535361852
ck_52730906e5b461eb,0.9286710897358732
ck_01e0689157fe9617,0.581268726554779
ck_9da82e567074da9d,0.013732095494556774
ck_6a17384072f904c0,0.010762959672159924
ck_8d84d771a21942a7,0.0023564045702365753
ck_39638880292782a7,0.04746280080869862
ck_7d51c86e0eec72ac,0.020273846994901576
ck_45f4c821c70d134f,0.25149972847849433
ck_0af3c13ba56ce57c,0.0029317719861066184
ck_0789a05e061b2784,0.5952485199939825
ck_6ba091eb42ffa9fb,0.05766724742781083
ck_265accb3c5c32620,0.029932142292186166
ck_179039559ff7566c,0.011466751738198274
ck_17c0a6a92b5765cf,0.005724345854865749
ck_59371c9140239fd7,0.01641366969010219
ck_f9c4f8b4ce2691f0,0.007062522682170578
ck_a2637e4872cf4811,0.05293152676728213
ck_1de43fd6c6c22a5f,0.05839261949600261
ck_6e4f31bd108571f0,0.0010304677576207218
ck_da06d97db0b18851,0.001824912714276656
ck_e0346d5081e640e8,0.05014526803127565
ck_c1c7d4e62c9fcded,0.09964632310144618
ck_2595669e421299f6,0.014619113710297506
ck_3b6057d51fd4c7d6,0.0026583406190949983
ck_c5f8ab515840a0fe,0.0043855034065374
ck_435cb24538c6f77c,0.05038554092502183
ck_d84b5403da4cea7b,0.01835564478608958
ck_c2b61a98d1c8f6dd,0.7169328015990385
ck_c9dcd92b2f836b61,0.04310844125361851
ck_9eb5b3f5f672c2b1,0.002376507595784265
ck_e4cf189a8d31649a,0.0012395193109443529
ck_6b114f2a48152b96,0.0028631232504325197
ck_3fb95862b70f505c,0.08969336941626183
ck_7f780f465c29398e,0.0038286364659425812
ck_ee387f9da79e67ea,0.02525525494593111
ck_fa3b1e85d27af2ee,0.02780974431003299
ck_e739eaaa7a1822f2,0.0263270499832494
ck_dfa0ac11fcb1dabd,0.0015427852110941169
ck_6e8751b571ea54d1,0.01897613383670407
ck_2d695f8358383092,0.009536283021106847
ck_e7dce27edb700f27,0.007675511995082384
ck_e322da8b213eab52,0.000829128923575146
ck_d0b32e039abb8200,0.00238013507192475
ck_b354003302b272ca,0.00638599647245465
ck_f7485cba392bc294,0.7792016335346127
ck_d6a290ff8362c7b9,0.2714024809971974
ck_c56a44fe315c0389,0.004986319973454661
ck_f77dfe6512eae322,0.01063728243933598
ck_35fe969c58b9e70b,0.04499437657448316
ck_4c518637db2322d5,0.48443324695962464
ck_cb61902798ecc4fd,0.01825359178243694
ck_56e6cfa32156a916,0.0012894289345356123
ck_343e6ed2b9d35c01,0.007682219093992566
ck_51440f64f7250ad7,0.04924953932771879
ck_295bca29c34cfe2e,0.03128261554282637
ck_dd30558576b45e7b,0.004760819145207984
ck_3a30132a57181fe3,0.017894495685344243
ck_4a733aeb833406f4,0.012432506039579806
ck_1b0b7c3d35ab1259,0.017014220177393097
ck_962c3bbf27cd4b80,0.04318403456692805
ck_9528e1d6b1707870,0.0269982154685382
ck_b3263e7f31aab45f,0.011735687815166587
ck_e69195a3c885053d,0.0016754802446172566
ck_a907fa8795cd4baf,0.0015177289501759014
ck_205c3405045bd835,0.004680644893861957
ck_e81fc223bed3c46a,0.09798745439135038
ck_363751deae40edfb,0.07531675683020309
ck_6176baea8cbebbb6,0.04039080739957744
ck_633e6579f5c74a5c,0.9644747007654337
ck_ddc11fc481eef58d,0.008313819839647386
ck_e975002c979e12c7,0.07555590654771985
ck_8e039b23acaaac00,0.031403643589966675
ck_1d6990d94a4d2ad6,0.012461366212578491
ck_e7b583acaa3171a2,0.06393133335812229
ck_c0133f60d39b2fb5,0.004925645375061749
ck_7d6bff85e7a694bc,0.0031440046505986034
ck_d305b4d82f63f647,0.0016055014154533415
ck_22bd0fc71f95e048,0.029590724918564487
ck_9a65fcfc7916f93f,0.0012337732555524142
ck_d61c837b0106085a,0.08082671238461209
ck_be86a1db08dea456,0.019956833813620487
ck_90489c405e6886d8,0.0016501604929572119
ck_0add2c321d579d75,0.01831516225884765
ck_482dea6eed92cbbc,0.007254509814932358
ck_c24b47184534cc2c,0.927000608313363
ck_fa04ac31e596e7d6,0.011541119887289498
ck_084322dc5a3a86f0,0.008439781309821264
ck_ccb72a33cc1877b7,0.011142541868260757
ck_afaf374009d3b248,0.014310684453721752
ck_b53084ffede19a8e,0.0009290379395847733
ck_4760216154c8cac2,0.7889568392087414
ck_37ad3a65db673e70,0.0016478265231900408
ck_0c2932cc0d553694,0.0038164702116141188
ck_86b853c52f20fef5,0.006890190910649023
ck_38703b7546d35a80,0.011163439358255664
ck_218b7e6e6dbd2da0,0.0014852126454822669
ck_402db4184982fdf5,0.005934227911440827
ck_f917c82af80e4a79,0.01949005620320341
ck_3c6417a233c68c73,0.03334236311825025
ck_98068c397d70dd3a,0.026914878410552505
ck_b1cbd6679c0f8d95,0.006094349036671457
ck_9e962f9bb0e7bac2,0.006403257995733423
ck_b08247c3ad567d92,0.8832692847824591
ck_3ef7a03ebb81cfe3,0.0014970185539675052
ck_5d7ae0e3562e99bf,0.03246921148601134
ck_c91a628236baf91b,0.044452996033007605
ck_7f8e816ca51755e3,0.8725973848279021
ck_5aadd286d188f5c3,0.006059491906803087
ck_a037aff5f8128c73,0.0050250891899758215
ck_5df6529ce8290906,0.008829833929442924
ck_5f3609511443e5a8,0.004015504197731184
ck_a6f61864fac3c8fb,0.009377870391072268
ck_2733fc6ba23ae46e,0.013564865504736942
ck_22bfb9246646eb41,0.907438873471251
ck_bfc2a57d8fd1610c,0.7899794814220511
ck_49839e761d0e74e9,0.005206296399727639
ck_aa4ba931dd37481d,0.0025113529746506546
ck_2f9fa0d61829f815,0.023962464435840665
ck_5b82c774df10d49b,0.0009162772203400431
ck_411219470d0a195c,0.01544747471847933
ck_d07485ba10514a2d,0.4123116917652226
ck_219bef979ee21bdf,0.0013638854463509946
ck_eb1006e7285184a6,0.12788943386432444
ck_fd242b18575e3063,0.03184223294971469
ck_95188150ff059c70,0.04643991588798403
ck_a9ca2f447b984a6a,0.011552970208035552
ck_2dd39723c4088b64,0.011913287009659889
ck_aa2b4c662ff213b6,0.010500862695201762
ck_1867b1199c864db5,0.033560584563455766
ck_850ec97a5a0dab9a,0.00886880514222651
ck_562320295fa35875,0.0017516426923257623
ck_bab5759b07fe2bea,0.002847673750477472
ck_b9f1465d803e57b2,0.035290497398548074
ck_8f21f2690c32c691,0.06463235084121445
ck_df87d6f61a63eb21,0.008171552141600343
ck_770475876d0e7e6a,0.0063300920128625615
ck_b4c014d5c0cc9eb2,0.0031911137651670124
ck_3add4d23124c9290,0.002969740068704209
ck_bce5b7fecfb6264d,0.028018275585564325
ck_604c17cb97dc89be,0.019759095491145524
ck_e52cbcd9aafd26b2,0.006532878781592946
ck_0ac9114076f5bf3d,0.008220707702531022
ck_dcc125b178b79566,0.0011914128867389468
ck_4e333c09f0c37dee,0.006390329317501754
ck_ff7e31ff8ba731e5,0.004230574877116168
ck_8d0532d24f1070d1,0.0010661186345421174
ck_3689fa41748a6f6b,0.06939051430565508
ck_7509eb97c1948b16,0.0088508773098803
ck_a9161cf1ca22a6bf,0.021538141983468102
ck_bed3e3db135b782e,0.015541285577775694
ck_9040edd974ef8e3f,0.6990402804431634
ck_fac32d76ed40f683,0.011688584798362323
ck_3d7b1078e2d57c69,0.0038912645183423445
ck_dae09c4e074af5dd,0.010621542691039675
ck_fd84507228467b40,0.08062483429176695
ck_e2a2ce9b8cf44c63,0.03130613429160869
ck_cbe716f351d660d4,0.016121002034754195
ck_cba4162ef29a6d27,0.020512141567090584
ck_4f1e962ff8a29732,0.001033661001660244
ck_39a81899dded61e4,0.00890700953070698
ck_25382331551d22a5,0.01991958895151644
ck_6d64e1c07b19856e,0.0047086531216557065
ck_165a868bdef28ad3,0.01224393691731881
ck_88774ae52e30e877,0.026448396106112652
ck_fc7a9d0643570053,0.00100350477985019
ck_c2017120b3b88a46,0.006882741362169845
ck_d115ac6b9fd62a7e,0.00272161949209645
ck_439cf7d51ec7de0f,0.012734245640947094
ck_2468a7e9e68a0927,0.00520322662436548
ck_7c418947124dee8f,0.0463937213457602
ck_fb0cf32c4a56f740,0.019722992562182316
ck_694eb6c43193afd4,0.00916067753798128
ck_993beb188dd4abb6,0.003826130829219804
ck_77fa39d3b733c226,0.39613489039977157
ck_49969a9abc47cb69,0.004956129114562264
ck_d3f44bbe2f7e9b2d,0.023753982638093356
ck_fcf5b8216d0c18ef,0.006177443127361763
ck_daefe1e2d2bc362d,0.005802501715204908
ck_9c9287cb28950eb6,0.013333601321576927
ck_c1d1a625b885a975,0.008544836434483484
ck_71b37fe47490b4ba,0.0049966232081421254
ck_5d16e257c0635f7e,0.80410459691436
ck_15918075563eb074,0.0018893369001365726
ck_9a15fdefc47e8d11,0.008233566322158917
ck_6f04d047d1dde75e,0.0012414028424331239
ck_1af2c0b3b8d202c1,0.009475287228739871
ck_174be2231c5fd2b6,0.0009197899598680488
ck_bb0713a2a1d65982,0.016277841897554955
ck_0daec63bd5b0729d,0.015400572545754745
ck_c0b5cc3e8ad2ff44,0.02444923925462247
ck_35bee1fc12664644,0.17449537025857864
ck_a1c7cf63467df4c2,0.0018101809189126146
ck_ecb1e15f0b185ceb,0.05744447370137105
ck_f280d31f54a4710a,0.016788646994741915
ck_30f4b2ee8abe1342,0.02782171475002872
ck_66bed631354de5b7,0.007081208672138176
ck_c2d3ecd7278eba2c,0.01210778847423967
ck_e901dec0e09eccbb,0.004892352690314362
ck_5d038ecb3c8748a3,0.0065677703409735095
ck_283c5bea94b21e80,0.007275554805292822
ck_7956c251b85f009e,0.9010712850813181
ck_9f5f81d771146aa1,0.0010544131028201148
ck_9323e6fc1e168eda,0.8745158419487709
ck_10495d3a635b8d69,0.043333280248436815
ck_1982d571cd36eb0c,0.010649229523422225
ck_4f5d7985bcc2eda4,0.002131323349178627
ck_7df526b2b4410bb4,0.015050242856198017
ck_dbb498b1a346a402,0.0016257668531547273
ck_ef059997563e3330,0.005351922935892185
ck_02ec4e06709e6b82,0.001904216985237223
ck_9782c86ba6485f88,0.002273202032701587
ck_d69de468b44143ca,0.0057324561974548514
ck_6430a8792f400e0a,0.0021802409918132977
ck_8285bd3c90af94f6,0.007270348870469404
ck_985c9ca112000e9a,0.01465658461664565
ck_e679fbf4f4f4aa07,0.010843763728189355
ck_016e8c8eaf9d511b,0.018214953800786766
ck_bc996c523944644b,0.03422598919930043
ck_5b8315726f6204e0,0.02176035208321779
ck_78181f8e998e442f,0.0019408887934372922
ck_71c68dfd011dbbbe,0.8660724397084774
ck_db32c95ce2b6f502,0.8583855281422885
ck_755010362a9b1bc4,0.008748792164582676
ck_114141d85256c9ff,0.0008957233952736161
ck_9d1a5cf5a3b87e48,0.014128420015981797
ck_ab640420858ab5c4,0.05129901210872645
ck_97a8dac48dd62488,0.09864396284869711
ck_879cc3166fe1bada,0.001040242668823894
ck_b0ed11080076e381,0.0018497897805514207
ck_7334a9ec656263b2,0.003091103477438368
ck_6494f0ef13ce44d9,0.006776803448833607
ck_724e459b9ece38f4,0.018875760623902487
ck_7fd8b1470401695f,0.3366566563433077
ck_292f81186358b0fa,0.005790992862731497
ck_fa7de64d37287615,0.02915044702263515
ck_d00e09e66ed6458b,0.0735541779116795
ck_b8d210e741be186e,0.003013081910053119
ck_3db59982cbae4410,0.02312573043271977
ck_69887d0a9aaca6df,0.0015377794508883184
ck_4feb21e2fb0b3977,0.003358314636654724
ck_08c6cc1e143475e3,0.0029804108449948555
ck_fe6e168cdbb46b9a,0.0471022289773246
ck_07f1734be7fac56a,0.03456382081306969
ck_d66d59981307db93,0.01624932669118156
ck_f928dba0d587d7c1,0.002574164529009389
ck_786448fe3004cbd0,0.005048379547047398
ck_29ea329fa40ace62,0.008853674993760233
ck_7ea52b6f27edcb73,0.015595831048899524
ck_18bc51bbf3ef198e,0.019531395980981844
ck_44950df09ff14ded,0.0009993463756064018
ck_c1466b52c0a10b93,0.09857156771183924
ck_6cdac067cc4db5c5,0.026703680241221002
ck_53f55c6e8cf2d432,0.0023426682379852847
ck_95945f48453ca532,0.018640850499985675
ck_87cce4126e215153,0.008702342997867459
ck_1ecd5516c92caa4f,0.0022085664718433226
ck_819b482bca14c068,0.8334380979345573
ck_a61a879dd46fc9f2,0.011105634340339891
ck_af70aa32c009c3c9,0.007696833112720012
ck_f4fe78e249092ab1,0.08276524315674949
ck_12c46bc52bf45b36,0.009001587646923926
ck_f05f5e4b40afa52f,0.04200206601982011
ck_0f8cb09d3f4fc980,0.12102454862175187
ck_80a64a7f0275a71d,0.005767168254930825
ck_683af7b1540a0b22,0.050295495855026684
ck_51fe0b613c076cbe,0.0026911170269331673
ck_da1a2450219dcf19,0.024228669359793835
ck_2a7eba01ceba6c2c,0.0980852194181718
ck_4e329e29dfa743ea,0.23958085024391038
ck_0274d881d6db82c8,0.006436274787406109
ck_0af5b7d128035b35,0.006197321869266971
ck_ae0a7be6b0a0ea68,0.004802151641842544
ck_de5bb7a4d091386d,0.2704230647505454
ck_2bb7c17168a9d17d,0.0029622834352835844
ck_0ffdff7b2f5fdfe4,0.025364731025815025
ck_718a8390b3d42d7d,0.010123244552574956
ck_7c4f12d70f184533,0.0013900343006052283
ck_d3e2c26b8adff099,0.011718337232844826
ck_ac9d3d9754104cf0,0.0013445793823064862
ck_3b1766a1d51f8f0e,0.8066101305680664
ck_a9bf75bea912027b,0.02077203364415106
ck_687eab3ffe1f8cfa,0.03716690800745485
ck_25dd0b02af5b2f37,0.03672246624412797
ck_1747fcc466f0ae38,0.001993034723122818
ck_f6e9d14dfb6f3c28,0.03234128888805455
ck_c6a7bbd0adc4d5f3,0.019472437314960532
ck_46656a23f4456d22,0.7830553402573066
ck_7519260415c2998e,0.009032963612805341
ck_754f30ea19df857c,0.04040567848601155
ck_ba88a244d5f7380f,0.02304487362095847
ck_f268416945316815,0.01320756829810038
ck_21860dd2159dff28,0.0031850583837069748
ck_7a86ef4e2beaec38,0.010833419609522455
ck_0414507baeea936a,0.019187019184860828
ck_60796eb60fc3043e,0.003692093509349995
ck_1e0841ed17fe0562,0.011191999790873059
ck_0d641d32658d6e0f,0.002712193370731504
ck_b36086ae6d87eec1,0.0028310232970468405
ck_962e65ab33b5c311,0.9347454666600552
ck_b046a42684468e63,0.006497181845271483
ck_ab3426435b0017d6,0.029434244379303736
ck_fcfe06e44d09a344,0.011301371918601786
ck_0f6d916c92189516,0.00983537284063209
ck_d4c8f0d957c3965d,0.015565147294024542
ck_2ca83dbd728af019,0.0023610485212351346
ck_2857a4ce9f72fbfa,0.0037306735173281533
ck_a60e6edc48e3d0ac,0.19077892809882596
ck_0cbd3b27063d4415,0.03362234787674372
ck_612089ec90c37219,0.007351008053909015
ck_ec4e597f17f473c6,0.002516523971370354
ck_1c93cc58f314bf71,0.012096858329258399
ck_2b359a979520276e,0.002655438952191066
ck_1496568ddc3b2d56,0.4584234751379157
ck_41d91dc9f5063566,0.014548450835751361
ck_4c5ff58afe3d7a67,0.0020588272278213226
ck_81709736281fa3eb,0.0017115486044678781
ck_d89abbab3d4957aa,0.0034664465484414834
ck_52453401f88935da,0.011681865931238605
ck_a477654d34783e06,0.0024403332371422354
ck_72dd0dbdf808cb00,0.011643784062485757
ck_c183dff3781746cb,0.0668989421320728
ck_c8b7f241810b45e5,0.0008616197552940536
ck_f88028c3f306bc70,0.011802677281146642
ck_91d48d69e4f5d9c2,0.010835814302872783
ck_b74b9ba6d7c9aab7,0.3252251924920146
ck_03e904682dc73bba,0.004748189440300924
ck_fc6fed6ea96a004a,0.011377952217676545
ck_51efdd240e34c642,0.026558766969064222
ck_e78ab4ff52b5fd2d,0.007193578758708893
ck_4af7b97c24d89a45,0.1055271253816775
ck_295c0072eca7f7a2,0.002349194243446299
ck_8abd1a50a9227463,0.010614420613312726
ck_ecaa6f13304e3dc5,0.0010816329675893545
ck_de436e7b319be1fa,0.9936889968415529
ck_c802cf8f61466027,0.001555511007329729
ck_3d83e0a3c1cfbf8b,0.007300990016544289
ck_28d2003c2d16e4b6,0.0018909792883852845
ck_8ddaf745bbb9cd62,0.0009330116907459299
ck_493b6256091014cd,0.7445041221779884
ck_a2245822cfea997d,0.002418517296909781
ck_f7305b3c64cf8a03,0.07619096168385055
ck_9937dad93a0ed3c1,0.00251764362015894
ck_d654449f9231ad76,0.0031868353849689108
ck_850e2b59bc535490,0.020727841684258938
ck_e55e5bdfc0242aef,0.02824314859573123
ck_d35c51e981b98c5c,0.008862951867419724
ck_27cdf9c5e6f0915b,0.004875624804730277
ck_d328db1e1052d820,0.0056579374211703105
ck_0ea30eff5f361cba,0.005607790444036309
ck_9994323f97109f4b,0.9817786370810765
ck_09054e97bdf9624e,0.0013459519631622084
ck_723b4afc388113c8,0.003785736488749782
ck_588f6e6a6a6d93e8,0.006482177908016363
ck_e1d563fab4d6116a,0.0029211133781835235
ck_53aca610e20598bc,0.008046683894314684
ck_c8131ddc7ed33448,0.004756123992870554
ck_899f88464305824a,0.01052309641305935
ck_1c17c65804f8889e,0.003754851618578982
ck_45a16ce12893cf9b,0.009835329059711842
ck_f9d481aa4f9b2808,0.7537284453549543
ck_1d5d74169cf892ef,0.04937694340849057
ck_aba32acb61c1aaca,0.02430898929784869
ck_ec4dd3675a8d28cc,0.0043730083153549065
ck_5dcd443fe0bbdeac,0.0018308002212013336
ck_3a47e3f54475e854,0.0016969574758437488
ck_a9aa5c344c315532,0.008229863694324775
ck_9652283c9f61fcec,0.001323312870812105
ck_752dd3d2487f78ea,0.00538069342731034
ck_a821980ac4db9943,0.22368304660177898
ck_93e0d6befb67f7a1,0.012646315917952358
ck_e7a3881c3e36bd51,0.40187155797009905
ck_12631b78f8a03df2,0.0007125801992168817
ck_57b8226610b48854,0.0023381417435321176
ck_352657008983fd4b,0.019013012261665012
ck_0841a5c24fd3dd28,0.01546295103979306
ck_db9b9d5d30f74070,0.04524188504859044
ck_a9dded7f6294e44f,0.034299302604713505
ck_91a16336ce3217dc,0.018579321078688895
ck_371bd9388b287677,0.0021081258976910575
ck_f285e5e1912a7c62,0.0025662262059362746
ck_368b65fca69fc415,0.01722654391576579
ck_d27a73596b6500c2,0.017613753276357346
ck_2d963f9b2c4d11e1,0.03156968872268717
ck_7c500e219af39486,0.0036165484897383612
ck_7d025dea5951cba7,0.006269597639028473
ck_32f632706608859e,0.004813434958483319
ck_53816231f3ffb48d,0.0077699697842282195
ck_9dbe184e81c1ca8d,0.099135875992298
ck_d74123617f22a21e,0.0035287092016697773
ck_275386782b1606f8,0.0027899898327792476
ck_0b0e79d33e50cba5,0.0028668018403356335
ck_ba93cb604f792915,0.016920860359780576
ck_a86cd653472eccbc,0.007372369891152799
ck_87771861e0447210,0.08095293811110886
ck_212380e0371d8a6d,0.00729666645623376
ck_ef0d702d7b0ed745,0.0021481075673802186
ck_2b8f33e22f939372,0.8487876482039048
ck_480347ad92037105,0.005242305442695211
ck_20124c3a16c53ce4,0.021811003057013383
ck_c9e1e3229baae708,0.014439464260772765
ck_b1befe967f7a5ebf,0.02498320385883859
ck_4672167d7c989bbf,0.02159038445747025
ck_f0c44ee5e3a42e3d,0.007980597891084792
ck_c416357d20238a4e,0.005474534441893003
ck_d0f470f8078c91df,0.004090458882512455
ck_3a70b4ee59084715,0.0038326789140007023
ck_179ed66cdfc1ce27,0.0020440040608736185
ck_387e5a7f163c7837,0.007837040954056181
ck_08fb463e69f647c8,0.9847445374409741
ck_732f725747393ec8,0.011063931006106743
ck_7cc5e0fa3ca5a713,0.0036690750438660613
ck_ad4a4daa826ac68b,0.41215364294769896
ck_472e0be7a3b533bb,0.02047607707619605
ck_7190177963eafdd9,0.009616402049322924
ck_647ac26c5900f082,0.005518826012594155
ck_272ae2179bbd8e58,0.005068817305320608
ck_09b0d8af304646bd,0.0007058825234160595
ck_ca0cc8ea9f344408,0.0030122437849028232
ck_332ad134fb909869,0.008613203571360471
ck_fca2798914627dc8,0.05720038274514558
ck_4450b55f462ae134,0.0022365229364894575
ck_d67d9dfb60b286b9,0.002189608263618311
ck_a9d2bb4f2bde7052,0.0024115853035525624
ck_929bcae878a3ecb3,0.5556104809657593
ck_59a9e000fa275e1f,0.018513110896176365
ck_57f17254e2688637,0.021139425829339708
ck_0508908697f60ce3,0.023836495311388744
ck_946afc2943298d26,0.006932494576590981
ck_7176d12b18f2cc0e,0.009644102553038228
ck_5c47b49c26cce286,0.026219516569701746
ck_b6a2bdb2d335e1d0,0.9930871197909629
ck_1d58f6caaa4d012c,0.009394912011307995
ck_71c917295020ccc7,0.0019099440938334464
ck_bc89644ae3688995,0.0054805201421189035
ck_e7c212f16d6df272,0.012425484747198198
ck_c6d2e11a368184e6,0.005585071048828986
ck_eed7f1f7548df15b,0.007337884527221799
ck_75b69034000ca7bb,0.02133957198207665
ck_38da3bf629458682,0.003537061927761886
ck_90114c891239d821,0.005627795216070624
ck_8ee08f6777cc155b,0.01346010544672672
ck_bd86132499defcd0,0.007762939388240213
ck_b95fbf2b5640aa82,0.009042661392570348
ck_c530235393360e3b,0.005744342142028191
ck_be52a7ec43241ba4,0.041552944234207724
ck_d96eb3cc55f2772f,0.022603498802225803
ck_dd34f0a844fb115d,0.10424339709032285
ck_17cc7b411f448e66,0.03627842493964053
ck_856ea65fa27d06dd,0.017079025943628985
ck_056d5f0301c30902,0.13744817755586655
ck_e662b14b2bab23a2,0.07267896377384327
ck_209f574c8d92274e,0.0110115995970839
ck_62720b81617896cc,0.011888563147881791
ck_041614694b77e599,0.003978903963873827
ck_461e3f7b97db8d16,0.012665142092732841
ck_1b74b798eebeabdc,0.004656136297266868
ck_0ed2739384f1d644,0.006013772389277449
ck_5a4d19f1b83feeb8,0.00149779980538458
ck_463937167965a1f8,0.00994804744560055
ck_9d7151dbdf100e0e,0.007712730502214997
ck_20a7d1ce6cc27312,0.004761494120624923
ck_6031211ff118cf0f,0.000655420591847719
ck_a6fc92aa91e99b77,0.9367998970783787
ck_0aaaa9d2f75a0518,0.021566623965412732
ck_ec26e327cc1848b2,0.005377153991086851
ck_0e6bebf8ae9b9b03,0.00421440373669804
ck_e107537a4cb738f4,0.0017516280382729194
ck_e8ea56e122a5a487,0.021443812109327283
ck_98149ed45d38c4d3,0.026085430801771448
ck_0e719b3a6906b8f1,0.0009175392972781572
ck_0c6e7bd357e4a348,0.0013896924714351373
ck_d3b2b250da61db19,0.9641637498989076
ck_8bb6b0a292754576,0.043913200820628835
ck_87d70f5fe48a6128,0.028770440686390175
ck_ea9edf9c107d429f,0.007176869339378286
ck_059806c52cebe4f1,0.04212641435658911
ck_a72d6df666e1c21c,0.002777494358115527
ck_1d2b80ab6c4944b9,0.006922044051938065
ck_60557f077abc42ca,0.12225676121978928
ck_e5f5cb7dd6ce4a37,0.017002660848332015
ck_4c4a939154446053,0.003436398743844061
ck_50ede3eb561a202c,0.0076361994377365195
ck_6d03a542922b2ae8,0.007822706248783375
ck_d6fe761ed0db3270,0.008156877321426963
ck_7f0cd6ea3096f985,0.0057371962528597956
ck_23edb6d938a3b87b,0.003602149540147857
ck_799aaf9f2b9ef621,0.004307497372555114
ck_f8f6a03613b6dda8,0.0032941839041490282
ck_7cffb189f4f514ec,0.9921967403298869
ck_c081e1967dcd811f,0.02133937267445701
ck_583d6ca78c97d91e,0.43816969519948096
ck_9332bbc7125219a7,0.0038381058310929072
ck_956b5af6d7d86c65,0.9717089339870544
ck_2d634e3f24681c0f,0.03768634399458863
ck_7b35d218ed0c5a60,0.004520870506369893
ck_ca5b1057f8248f73,0.0113249093235892
ck_ec5ea81cf813597c,0.009812563412837766
ck_eaebaf4d28400fb8,0.017335042829008003
ck_ae2ab6be219219aa,0.0024483091227398093
ck_d99a8b4c820eb46b,0.005197309001925686
ck_bcfb7ffb7cd428bd,0.004390579396838196
ck_3dd542c2d31be2c0,0.006915865017381793
ck_c7dd84401e29a7fc,0.0020074131248023503
ck_c4bcc7cefd40f8e2,0.0014943141347359419
ck_c251898b5d51e3b0,0.006140787806551665
ck_36d37be780c1291c,0.0033653370523417992
ck_99b4f266b61ae7ee,0.03231143314995905
ck_c37f03995f0f0169,0.0012204316359730374
ck_65a23ac8e44eb901,0.003192094915181525
ck_644b1c1149eea9e0,0.004943431846768529
ck_9cf44eb0237c2429,0.0024072119931476655
ck_20541686a94fb71c,0.007074597648527286
ck_c18245be844680f3,0.02233254728944358
ck_56de216eda6b7fa6,0.003897878752767045
ck_406c4442dee45cd1,0.0018097906068248975
ck_df1585c7d72a96e0,0.0012210209692252213
ck_b8e8dba20676d87b,0.012892702062024732
ck_0ee6965e68efc177,0.023575173915795514
ck_c2a5c54ad8d0d297,0.02675582936482501
ck_bf6fb7e6470e95cb,0.0021015604944469544
ck_27fa694569140345,0.0016593001105064651
ck_e04166b0ce66393a,0.006815062454495541
ck_8742114f4f0cb22c,0.020129360745633585
ck_6eceeafd56b42576,0.015074238829516409
ck_34f9951b0eca1965,0.007836174850209123
ck_384ccecd342a24ad,0.002171319988797908
ck_49c98bebd1338879,0.0021527753471110972
ck_6c26c12071c91ff6,0.0019322767040546754
ck_01e5986ebb9a78f1,0.01189714281475795
ck_121db7ba3be29ee8,0.04683319592030891
ck_039e6d5a330cea1a,0.04839398428115013
ck_ae8c9163cf957d7e,0.020880003114540767
ck_3f5e8f3f1df0c8c7,0.046876765005911494
ck_b1c51fdafcd80122,0.01761371591339361
ck_12e2b5ebfe8986b2,0.004644374695828455
ck_d55eb81a4d543c59,0.009730108874972025
ck_f85155ca5c312c7b,0.1061378158421425
ck_133d8a1ac7c0e301,0.9501675710822486
ck_04212a9bb9b28696,0.9941901139407637
ck_4cc11c7d3ca61f73,0.0016132315202215819
ck_2df4854186ec515b,0.00886077613603713
ck_aa9b28e7fc43af79,0.6613312372448201
ck_47cad6c3def4c9e4,0.001278536082262532
ck_fbff7b5da8111567,0.005468732137673067
ck_bd25ea782e375b22,0.021155065033382086
ck_7989376f8cf64a9d,0.035656831914002596
ck_675c0ca1ebb1051c,0.005160258404981157
ck_1436f6e11d4008f9,0.012273884693235437
ck_812cb3a4482cc618,0.005163236240942376
ck_6e606f73a1094afd,0.03965345954775388
ck_1b708e2a4a0584dd,0.008720581746930555
ck_a60d6b324bae0330,0.014300603427447975
ck_706a4f673a9fda3b,0.3372455418397339
ck_a75ece9a9044eed0,0.0014655081384722965
ck_9aa45c4e03c8c57a,0.0113387585817416
ck_9fe9bdce982b312c,0.027480341707160058
ck_c6fbdc5ba68a8466,0.01012714870679893
ck_ed0cc1b1c28f9511,0.031060452343073267
ck_a4e2607b4c8021e8,0.001047066035843487
ck_e02f93f51cc8caf3,0.003603372377612499
ck_7084ed3cf20781b7,0.016482783792268824
ck_cd4c63155570d6ea,0.007765119090921036
ck_d1b9e5d32d2d789f,0.0024357564522944153
ck_68f56f6560a7a933,0.0028807648386708225
ck_8bedacc6233c6269,0.004920484099046039
ck_ab7cb50407d6b13e,0.0223349551556784
ck_f17ed7e0fd687742,0.034214621096845255
ck_b0fe4b92fc70f72c,0.0059812298786772414
ck_84d62b8196da2452,0.0076917856550135924
ck_9e298cae167f4693,0.004076914806195056
ck_405b20ef9ad0ba5f,0.14311294768296426
ck_813e02e1ababd177,0.004122917957014461
ck_f234ab47061ba7c0,0.0008793285196614103
ck_22b587c18363899a,0.005565855074610124
ck_4e862c2f48c38aeb,0.0028178013492458783
ck_b89cb90a420c9075,0.00398831661641402
ck_be2251640f27a3c9,0.04358954266910907
ck_46bec0bff167ed3f,0.020148313163244436
ck_c0032232c2868328,0.007130321006265795
ck_030cf09525dba4ba,0.0018524389496317065
ck_6ecf56236789fc09,0.8122263735052705
ck_38d4ed52cbe6d123,0.01709257340983428
ck_2d923d957ffd4d53,0.006773794753290177
ck_3af1eb88728ed8c7,0.008351105719252216
ck_2f8120ca80a1592c,0.013915743633224096
ck_6cabb1a133f0b151,0.006268664772238427
ck_bb6cf7e7b707731d,0.9162700949084356
ck_c8307fecafa90140,0.011628464652448656
ck_75f968be67f46d24,0.016168931286229593
ck_df6fe4ec5a233213,0.005033638272397262
ck_b53e88c0e927d896,0.001140481842080793
ck_f0093064aa28f4d0,0.011486942080352095
ck_ec9976cabc63ff92,0.0044759335069296585
ck_30dac0a58c5590cb,0.09072799270167227
ck_348a525791ae6475,0.038951033120497976
ck_b898d912d1181ef9,0.02736835570637824
ck_f5b1200dc6f95760,0.008725726842353156
ck_54978a073e7a0b1a,0.007370576656870644
ck_55933936536a4071,0.007957368698501483
ck_d6ba7ffd2ae08863,0.006683174051371196
ck_404e2217fd87fdd2,0.001441535532784386
ck_dfaafdaefa5716b6,0.04340613852027184
ck_556c62e92d4e7e5b,0.08025311887779095
ck_7ce44f4e06d58111,0.13468596143423936
ck_465cb8ce232c7670,0.004554209580031149
ck_237508ca4fb37268,0.04162434943211317
ck_ba4a6b9aa63964ef,0.010034501452246117
ck_4802a0a7a1882c88,0.36371765188392086
ck_9478dfe4114c30f6,0.024196328037887006
ck_5138f6c575dec64c,0.005398179102810456
ck_aebb42afe430e2e9,0.004863224621709429
ck_004efa95555437e9,0.006771137464510347
ck_11af112667c98394,0.00937580288873173
ck_44e9a18a8645c9d3,0.004301822367788592
ck_2605fd571219e28d,0.000790780963999395
ck_dfc933493561d84f,0.008455480597638631
ck_67674348e68d1f25,0.013230186097308994
ck_dd97429277a2fa00,0.008144248568922409
ck_d3eab7a06eb48348,0.017810605178992765
ck_0b9fcff9667ec05a,0.0046983345811276505
ck_fc4bfd6e739bddea,0.0022784946560709322
ck_43292f70a03ddf2b,0.027542261642063273
ck_5ff6108056a3fef5,0.003630907625876407
ck_767e0be086b5f601,0.013542877610160372
ck_b8465b1a5666155b,0.009304261472046958
ck_ab2e3fc56f5b3aae,0.051463761745145525
ck_1833c81d693c1e07,0.8381002292639506
ck_0308e0602b856445,0.001493100631563101
ck_ccbdfe744acff8bb,0.022389270570536926
ck_b294aa27a0b586d7,0.002034727668208646
ck_a3747201f377626d,0.9685393816576522
ck_edde1d7d1db24725,0.007437039885378692
ck_ae3b47d6e1063704,0.006074136406803357
ck_3aabf5e0f4defb41,0.10595098642386785
ck_f034adb57391f3d7,0.01790265419494097
ck_533672fb40531607,0.0782778615371769
ck_2a244f1ae08ef83c,0.01807965754241056
ck_a35d81bcc54ece2f,0.029195571047690286
ck_78a61215675b38f0,0.004790784236256842
ck_e013d88ea7939616,0.010322419728395319
ck_e5018f9418e0102e,0.018040793118983225
ck_d4e024fcda401a31,0.004368959525893636
ck_f736cffbdb82db34,0.0005994955525000137
ck_1507f5aa50cdf3a0,0.010226984492440628
ck_18270fee7c8fcee8,0.001519373864604259
ck_95ffa1a805a1c9d1,0.0021208863388297652
ck_11132d245b94d045,0.003979441326958576
ck_7b93a622e40d8b14,0.02122644417523129
ck_3854c08d17704347,0.16206400594907114
ck_7717fcb100dc4b5f,0.010244345664373156
ck_ba54e0a1c328119b,0.8884438232124158
ck_a7afdac4ecbf2de4,0.7845856326760766
ck_ecfb771ed2352085,0.010188785329163138
ck_68be4fefc85a6b64,0.14504843549169205
ck_dac7c50bd6d0148f,0.0013644376066908148
ck_87cf36a03bd63c24,0.6886033802561234
ck_8adb40b168b59d7c,0.026210678572780043
ck_8d2f62930777416b,0.043492616395080376
ck_9958b58da9e3c21c,0.04630019839851067
ck_9440335375701f44,0.008737881601408254
ck_e2f88e202b6f700a,0.020288543985207456
ck_4c7c50684827a2cf,0.0016402754131785745
ck_8a6ea4a79b1c7a8e,0.002790646304025331
ck_186dbff4b24a3bbf,0.09852580449187831
ck_220fda3c11c59b6c,0.07730017028266055
ck_3acccc69f8b1fd14,0.010092036293375024
ck_9de191bf79afd676,0.008083988788321436
ck_6de6b1663f9457f4,0.002246020696564423
ck_062754f8b79b86e5,0.0008526840150986645
ck_aa153a89a52f7eb5,0.0176654706796786
ck_34a6bd3be642f15c,0.0159925049347672
ck_9371c700d9830326,0.029860567737346844
ck_a99e0c258ad7576b,0.004489997032258168
ck_0a7ba51d626e932a,0.010284908227697781
ck_852c50bbba1ead13,0.05216021564012043
ck_43dc13b6b6d31297,0.025746056910419233
ck_7d81b59d615a6649,0.020574350843004494
ck_39a3f1da060e88bf,0.00799941979264123
ck_6fb2d142c09ed3ed,0.16537460097830858
ck_6e5752b87324b58c,0.003275012924846474
ck_9441d48a12e8a4bf,0.28964927245116273
ck_09e9c51eb538b255,0.0017784346759347456
ck_8d0cd981ed3a183a,0.01690284488351427
ck_57c07c45269ca8c0,0.0023376472065786305
ck_ccfc9ab888ba933d,0.004602794752096645
ck_9658a6ef471053f0,0.0029304783510358734
ck_dac3852758f4ea89,0.0009923385938946845
ck_b1ed2278f5f14d82,0.01154956692406026
ck_333544d173524f70,0.013524713146108005
ck_fd4582e3853ef23f,0.007726189088188466
ck_614d936cef98db04,0.0013251737038047122
ck_6bc351a3d57aac54,0.017878357488864714
ck_af5842fa7202ff25,0.03589032627660133
ck_81307759252571be,0.004245178038180581
ck_b4d2f02d2cd45720,0.7513528428835432
ck_1bd753a4681946c8,0.960306086542274
ck_46d8c029d46867b2,0.004326187739612827
ck_b7da6640fa2f49cf,0.7293043921901433
ck_9ea3d5a5a91fef9f,0.07834741798176915
ck_7b922518f667f76a,0.0012820581021200355
ck_2a5b31594206eb30,0.511188138269145
ck_d9506476ad3f9e08,0.00819696517633964
ck_c8791f7ebd4d93c7,0.01258503441809712
ck_b5a3e20fd210017d,0.011806179530347481
ck_8e54386f4fe22cad,0.014044920459216612
ck_75296704f5806f56,0.10463483950304467
ck_0fbbc7a6af300368,0.002799744952254743
ck_d19bf4dc0627113d,0.002736016477520098
ck_7951bd4eb99a0175,0.0015423778645676201
ck_059e4fac6b7f704e,0.016843851217787434
ck_2ce8931af02a2ce3,0.005381258885479332
ck_9e665618a4860306,0.002782690019861163
ck_6fce5a893613fd2c,0.0012330624717479313
ck_9e3fbd04e3532f32,0.36276095310766615
ck_55f2ef0de3420e3e,0.022365329082409666
ck_8d87658a6f5d204c,0.2539076649522095
ck_6d6ac1f5dd882aa5,0.003432381179438806
ck_55d0c7012d7ef236,0.013285258048401402
ck_7738eb085e5753d6,0.006155692652711223
ck_0e6e05c3cc8c8242,0.009513354237628566
ck_8d27ff8383d48132,0.0022202750407572425
ck_9afc3bb849f3a64d,0.009385851525630144
ck_27eb86a9898cdfe3,0.004717475270267513
ck_1d40e4fc541abe93,0.1425106674039736
ck_4fd9dc00e1913587,0.9775591291306742
ck_b26cdb2b7b165d2e,0.02887198539153162
ck_a79a27767a02e31f,0.055675092344653725
ck_f0c18cb9f951a71e,0.020812060095525317
ck_50460e0189de6274,0.9594448918529423
ck_5e5280539257c986,0.006215176887615445
ck_eeb854318b3a6f0a,0.0037504819641828208
ck_943f66f28dd24750,0.001445495173630128
ck_984dd7452aee372d,0.030674205535225176
ck_ecaa6de0aca5e9a0,0.006832696808211801
ck_8f1cbc432e2774f8,0.02246046107508648
ck_d91d9f8445b9769a,0.8789788613762406
ck_73c18e03e3c7612e,0.0013150095950112703
ck_aded05ada490da20,0.009135105866108273
ck_f744e208183971f8,0.0038317400311134444
ck_02d4cef6358ad3b7,0.0018530572841462237
ck_08ff5bd467226a5f,0.001183872247312331
ck_f824b326d5089885,0.09077827163096103
ck_3420f2fd520890f3,0.009931392844898553
ck_1838cf8d00f5b1e1,0.020202593302287693
ck_a85182ad90b6f1e1,0.0008326915532828157
ck_fecb39c82c43e76d,0.0024048325709545735
ck_162513e73782929f,0.015413228645315372
ck_2c27b77c59d8f23b,0.3184717578272595
ck_4221e07b17388fd3,0.02005352983698962
ck_adfb8472d5c3d669,0.025121421240857263
ck_0742fe64055d686f,0.00225115350578968
ck_5060aefcc8b6f958,0.013750084698871652
ck_643f549b4ac78a26,0.24622312496008258
ck_dba767885bd6ad69,0.00564508748016413
ck_0dda35c0c64c7073,0.9886248672845381
ck_38ea56d43afa5660,0.011987105025053636
ck_d813e15ac91f487c,0.04711783778349177
ck_4c840e5585a7b167,0.1050064797424294
ck_cb8551453a7bb929,0.004637115315815189
ck_05a00b1dd5a03359,0.008535707474386912
ck_837cc7fd48453a01,0.010313240705529844
ck_49dd816b31fba6b6,0.29023474191428816
ck_86a61d9a39768e87,0.016443354773982954
ck_cd0e76f0e7bb38cc,0.004563129267227858
ck_dbe58392635133ca,0.08378514157329407
ck_3caec7dd6f8d02c9,0.020233535350093427
ck_bfd9bfc5b6ab4a54,0.022516250718873757
ck_2103399bdb2898a6,0.006672188451626488
ck_329f7de7279e74c5,0.004706418289008107
ck_9bf0d28119fc42c8,0.008972737687177696
ck_f781539b1042dc83,0.001992303483128369
ck_9986c7d781ac6b4e,0.007849523845830618
ck_a627734880aca848,0.002905656299473007
ck_2106e509d77fdb4a,0.8059958955718021
ck_420d1a9c604293ce,0.009701605835058564
ck_fce0610c527e2b56,0.027768775597662405
ck_073da541ec3f9d3d,0.00935945417667691
ck_aa5f3ab48c17fed8,0.308563465396221
ck_0fc1086e1c9e04b6,0.007402435059566007
ck_5c33bb46c1a5945b,0.06436296513811034
ck_500948a8d4bd8e13,0.03287279778775213
ck_19becd44f2c3d2b5,0.004341353863653469
ck_7d0fe77dd5ddb656,0.01965940200688012
ck_f158d9e5f101bb35,0.013255967266784952
ck_cdd7c77823c2257f,0.006779093959228
ck_6c7b41374f9b2e55,0.010407548083889792
ck_417090dbffb1a63c,0.012306081595222798
ck_dd0e17605f970319,0.008293482895258391
ck_3646515079e6be55,0.015142662390471634
ck_89c8b06aa8c84b2d,0.022971941215154605
ck_e4d6dedd97233c07,0.010521537995602008
ck_bc82fb1895fddde5,0.004186464230843648
ck_88a8b1d442ca3686,0.018376128134359574
ck_5791f8f76a629a4f,0.05957613433867392
ck_9cf5e88e97c8c7ea,0.009336824202622131
ck_58fd684aa5a6f289,0.0011472577072006258
ck_9800c21dfbd8e811,0.004353200677376379
ck_8ae64df60ab6ccda,0.03133223252201062
ck_e535fb0f0c00418d,0.018423120160678062
ck_48011996d54855ac,0.4219864932789255
ck_ac79c72a8fe3fdef,0.0406634524781449
ck_b8cc2df5192bc49b,0.0247886354341286
ck_e96a5e1f08f8a867,0.002148869906814171
ck_84df6770549e43fa,0.0024039328891828564
ck_e5f7b99ba6ec5767,0.01077284301767139
ck_8347455ab53ff620,0.005605094237497606
ck_a84f2cdf695a71d6,0.004308013617558956
ck_90456160115f9ef4,0.0035309094750180146
ck_ebd178b3f3a9c50c,0.007857086348482907
ck_e1140be6157bacbe,0.0022267828090434196
ck_744ffc11d32b96bc,0.004663408325694993
ck_e12a9f7d027e3387,0.006270055435608661
ck_cbe525da0b69f18a,0.057568066917021474
ck_aa59702537557ff1,0.009694663950320153
ck_0348cc6908f7f3af,0.0010043859454347969
ck_120e995d50956bee,0.049467147677906685
ck_9fcde1ff46cbbea5,0.0013525463179534778
ck_54b0b070689c50d6,0.001313470485697611
ck_966a167758fddfd4,0.036092578804084355
ck_d5194f2e92fd6427,0.016010532197737695
ck_2ee84f3fa27f2cb8,0.0035358825941954417
ck_57d0a7eb7eae2eaf,0.01320571271693738
ck_6a2c4edd82e10969,0.0033815275874700852
ck_96e4d38ef670eaff,0.013237279291095755
ck_52cc2fd5095b169d,0.010972841078320875
ck_4b088920f3a844c1,0.027978762344309877
ck_8f3ccbd20d59f1f4,0.002898329185039579
ck_e5e5dc431bed6f9d,0.007346960235466501
ck_e8b5bfa6838e28d1,0.008136454155563898
ck_4bfeb78b47b7c6a1,0.030285911402231674
ck_a705c61bd679496f,0.003998099676025691
ck_731869a0c39cb2fe,0.0049644599771692405
ck_259eb102342057ea,0.012152237764147934
ck_47a6005fabc33551,0.0014402416724212178
ck_682262b455a9edd4,0.0013167550296733256
ck_e839d104854945f0,0.0023345549343563657
ck_761989aa4c47d746,0.04367283481929457
ck_44211dc210139ed3,0.00483676528074958
ck_9915ceedf63a5289,0.03820053660146249
ck_da59ab47cb6284ad,0.0023503393298327313
ck_e5cdbfcca2456652,0.0032102560664370745
ck_13f2560c6a1ec62f,0.023887193684027926
ck_a0543e9b3abe1001,0.005759538069253565
ck_11c7a58e09e6547b,0.023802476786791687
ck_69587a134d43a4ad,0.10791268692796951
ck_28dc0de0ae291f37,0.01249448368693565
ck_298922703c5bbe05,0.0282902258188221
ck_fa5ba9ed9ed6a343,0.03301886487887027
ck_c08e64d424e56c05,0.013373527557352168
ck_598e036a28262aeb,0.03690542650350141
ck_3f7c870510083a51,0.012153424402093802
ck_364f8203a3e98d36,0.8883971165761266
ck_7333cedb61506ead,0.004654904200843089
ck_1d96d7fd65f208b2,0.06380035935551566
ck_63133a79f23e2627,0.021563454186149987
ck_901d820e0b72abae,0.001610945327111674
ck_5dd80b3c01457bd8,0.006024255399251351
ck_c0b8067c144ed6c1,0.009049635271276196
ck_cebb8aa8c8f62c60,0.0015793909086391368
ck_79749eca42ff1f5f,0.016270615162013762
ck_2cc1d9b587f6da31,0.0924768665464086
ck_ccc7916b56d42195,0.007022347749561658
ck_e43e53cc7b8b8e41,0.006863975549130639
ck_4ab74a6e7450416c,0.0014883930551818582
ck_6e44024e9de301c6,0.0009292106030497523
ck_dd78cb6ae2866cc6,0.010855699224192392
ck_c363d3b050baf3b8,0.017588291176278314
ck_2d46291975f0dd08,0.0034840814183475072
ck_76ebeb5aee42f041,0.01708026492087559
ck_8395f004cf4d4c08,0.003998831413769482
ck_de7259c3741db179,0.008382428308154515
ck_3938e92585df2b34,0.005274303898495896
ck_af69bfcf4f07d932,0.01885893209227293
ck_1723900ab9afe374,0.027609911027021806
ck_3d58628d1c853c8a,0.003854939443747722
ck_12a074db100481cf,0.10129452972799385
ck_8716cbf892c50e29,0.0066912558227936285
ck_fbf7351958ad9615,0.0033779143281058538
ck_a50370907e6b397c,0.01376711309651586
ck_937402a60df0821c,0.0012352482547955445
ck_8ce9c5807acbef48,0.008953173355155714
ck_acf7d65eaaa4c31c,0.00156863823307776
ck_ec3eb6dd0967cac5,0.04984784530423251
ck_fc832b0c90c9bdb9,0.9405532472889229
ck_8129e81cde280131,0.0066203478075789095
ck_52c0ef68aa2fb8cf,0.015847048052753974
ck_06f042e9b1b662fd,0.02806564841909809
ck_0bf35dcf7b38f650,0.0012647194321668467
ck_615763afc2e17a7f,0.0012907890069318358
ck_e72db9d4b2fc9997,0.9807796438548433
ck_13757bf0eeb353e2,0.010953873518004583
ck_abaf371ec8249c4a,0.0552717105393348
ck_9b7167da0920c37b,0.24650376342287025
ck_2e824b0b27494a17,0.052094756333110295
ck_9a0b605e9c3220c4,0.013091028288154283
ck_a5276af466b681de,0.0026484121292282173
ck_9e0383e1fb6e214d,0.2571982774610054
ck_6a27c44b691dbfac,0.001710943756451782
ck_af39767cf583905b,0.012751629942225886
ck_243b1b9fdd3f9a74,0.0008349485695874789
ck_c0422e638a9c6046,0.02291286560003698
ck_e0f3ea3373dfc4aa,0.0061414943947202755
ck_d56ee1654378ffc7,0.005188618058539231
ck_20cd2f5666719baa,0.0012995831646684004
ck_4dfa1c1e9b69fcc8,0.01205561082784601
ck_5d22e9ca1d15180b,0.861740513075068
ck_f4a7ac178fd55f0e,0.0019429591569489564
ck_fd5609bd23a1eaf8,0.0034027028517031746
ck_49c3bf13dc9471ce,0.020191227542733798
ck_724085c3452d4693,0.323628308617008
ck_e5d1462846154a75,0.01798772085968992
ck_c69ef0f3e7d6acf9,0.1051375862669352
ck_a2d0417791d4132d,0.006734288800124341
ck_00a07fc2a9183c3a,0.0014821319295156624
ck_781b8288e54ba8f8,0.047990005323392045
ck_d74a62ab3804a81b,0.004538809012342884
ck_abcbde211b6267f8,0.022323793575867033
ck_16dbafc035574654,0.0012598707306437505
ck_018f780215ecaf38,0.006382032002838053
ck_0b259620eac51618,0.0023905387807507876
ck_4f875342394c110f,0.02799159885970809
ck_399e45e5fe9beaee,0.003996873725302656
ck_36224a2d394ebfe4,0.04315983180212624
ck_c189b551bd111332,0.0012157186698959124
ck_125c5a720ecb177a,0.01251017848357271
ck_76d010aa02eb477a,0.0007359511448983832
ck_1071d14c46c92379,0.8904492411510126
ck_61d244b2cde483af,0.012608047666434847
ck_2ff1860da2004c84,0.001975871606543674
ck_c5b583490198672d,0.005094035926377671
ck_1294f7af22fade11,0.13723400863082663
ck_e3a22799716df39d,0.003918729382809044
ck_c77e22834ef97005,0.7472035832794306
ck_73d3689728270a2b,0.0015577266844703278
ck_295565fbf77ef885,0.005087053680044389
ck_80c0a7f54ff4895d,0.0038486835646270984
ck_f1ef5cf7f10b16c8,0.017680764709379404
ck_a958b2461ffc21a2,0.06435401460121769
ck_0e7899a57cd617d6,0.003018708541533037
ck_9d4fed252718f58a,0.014780263232558653
ck_83c2c34add971d76,0.0011791565909568143
ck_9ccc030ba2de9fb2,0.023804842580141594
ck_cd691e3466fb3742,0.009990314768672173
ck_49df70f908dfd069,0.04627541226089021
ck_362ce13eec1e33a0,0.0025628249256963776
ck_2452a30397dfc54c,0.006445474400233279
ck_a443d49c2b4863b0,0.009629418848795144
ck_c8b2e2cb349dd0ff,0.003594012166918836
ck_354909fecf5da8cf,0.029436089420566143
ck_841f598bbd54c83f,0.02238951312843169
ck_cd6fbd4e8724f994,0.03607985885156406
ck_e0b3158111370118,0.011571756354093047
ck_4c2f2eb657c2c60e,0.002001799167603944
ck_ef346071f0b7654b,0.006176169077474726
ck_f3bc10e3decefce4,0.006137110113852669
ck_189b6fbe9b9192e7,0.013575526549451223
ck_5245cbc5ff4d4fa6,0.005674597295085106
ck_cb42e3be6fe87f60,0.002476855103682436
ck_966d4d713cbc7792,0.0015047236836981945
ck_1c8c969667cbaab2,0.9563649792849422
ck_d35e3aa9ef5d405e,0.26096368501127654
ck_a1c39df50a5873b3,0.02153274246508358
ck_a152165caf295b51,0.004155955925529271
ck_891eaedae139828e,0.0074642572748518056
ck_1a46b56f4734d52e,0.01105929098386832
ck_5e36042cfad96c99,0.8306110634567111
ck_02a8582c2603e675,0.006014781949826017
ck_6def9d0429e4ed4b,0.014685245363357722
ck_e137400825a1e3e6,0.006067959215204919
ck_d91ab840848a54fc,0.0020467549244518966
ck_becb6e1c608e0078,0.0017627398306906633
ck_6fd8c86ac719d7eb,0.044543309760115654
ck_3ed4d13f12fd9d0e,0.03967190961252452
ck_007337aa99a4891e,0.001193586426213793
ck_60c3d8306527a08d,0.002621912672925936
ck_95458880a54df0b1,0.14077528835014333
ck_b48cd8593533fc1d,0.6306475392848863
ck_021c6a4a7e3f1f0e,0.0022014913004231116
ck_764d40f865e710af,0.006141545963268241
ck_4b84357ae8ec7777,0.010174643527194924
ck_3397c7856b4669a5,0.001891780888147605
ck_920bb003b42e6310,0.00313742614697791
ck_8f59f11b512d5b7c,0.03512385341066505
ck_a3acf4b986afa98b,0.5453809694090203
ck_e89d25ed7bdeeaea,0.004440427973131841
ck_70e6bca473bf6902,0.003944584483976382
ck_186161ce152836f5,0.0030434428202966513
ck_9191579254663f5d,0.01213943304319206
ck_1e6628879e9d653c,0.004871056292426653
ck_b498fa91a0776ff6,0.08870933990934797
ck_cfc2384f22954830,0.020712460591963907
ck_17673a1c2867888a,0.001364733523381106
ck_523dce06515b072d,0.011078059218619443
ck_c20638a325ead2e4,0.001960270933039107
ck_d3877e1f907cc148,0.01856304618594045
ck_e9a2495dea8675e2,0.011620078203672123
ck_7e561caa5fa1f3f1,0.017212545088672107
ck_455672e652fe1abc,0.9363694344233513
ck_7f8f864fcc90ca82,0.017386787168115023
ck_1ad36046aaeb816c,0.004361770153476048
ck_de056e37c82e8e00,0.012957297535497205
ck_7484c214c889fe7f,0.03789790571111324
ck_32430e678c4f9f53,0.004737062701362536
ck_6276ece8f80ea799,0.017346729449669206
ck_ae8e5dc4b725bc25,0.011118319253711309
ck_f01be92dc78a2dc7,0.02827652333362978
ck_233397a8bd40d38d,0.004022006080675667
ck_f8124911450fdf31,0.8371483596813041
ck_aa0a3179f1111674,0.005291305308686531
ck_2366b29ed9887a5e,0.0028444286935493854
ck_1f22f04dfc08cf27,0.005066813797352354
ck_b62276c3426d680c,0.013602972385890368
ck_d099fca88691f66f,0.019548447556374172
ck_166bd1dcbaf4d6fa,0.008823455683861873
ck_7b1660e942436e12,0.016850547807658104
ck_4a9a791a1d409a3d,0.03978680035055981
ck_b003e5b54df65db4,0.05176509254987499
ck_64b4dcbf436f0b75,0.0028268282261914063
ck_26e9a7bb2061a58e,0.5766179485405175
ck_08b77ad5f8f73007,0.007516737312529992
ck_366616a725afc6bd,0.013777643285663768
ck_934fb5064b6eefe2,0.0020172698024161387
ck_c6abd5d57b1009d2,0.0024375603424210235
ck_edcfa9e1cf29d813,0.03814509853628928
ck_c30201ebd003fdc7,0.006185549049440638
ck_c54643d94d3ce355,0.01645129927835723
ck_02adda6e91e49650,0.00989433001641973
ck_5b73d7c5255e58a3,0.15489816542264684
ck_129ffae92dc01408,0.002903477667840599
ck_fa321945ebedb916,0.027982272566364087
ck_8da980cb2e1e2bfb,0.0050269621358614205
ck_0576b00d728bdf19,0.010642071451207177
ck_c543d82e22b3c8a5,0.0011048589127763196
ck_0027ba644f9ae2cd,0.09551899376925306
ck_8dbf61df902a6bbc,0.002137859326883488
ck_90eeca1cda79fd41,0.004089095357359731
ck_86d7127391d4e01f,0.0015678738673984287
ck_73762038c7ff2f6f,0.0024767183413717552
ck_a1484e6215fac651,0.9044405033405077
ck_cb83b9f806e90dc6,0.05518247143572886
ck_8c6f059c95872126,0.0014130000675983594
ck_3174419a81e7caf2,0.004900353967001411
ck_6a0f8f8fa4a3c2bc,0.015398997663751695
ck_b5777605668bfca1,0.002282173876204308
ck_27e4de495abb4d15,0.027567354422243635
ck_7f6fa79c7a107161,0.006395166335063673
ck_c36ed9f8e6792ea4,0.00822414170889544
ck_67a1aa88d2ea554a,0.015993470512774624
ck_09748dfe4df3d540,0.0015857481371700209
ck_27fd85b1e38b675a,0.0020179607107343772
ck_2369689bd795ee10,0.005902507009487111
ck_4eb1c12f7d092bac,0.0010418629520916932
ck_01fbafc42c8e33f5,0.005081385679783983
ck_93c4e05699b3b7d0,0.005332657434352606
ck_afc484d1b6907983,0.0012301043713282805
ck_1b2d9cae92a1aab1,0.05400413689663147
ck_73b729cb161487f2,0.009047627140897416
ck_fe3c1d0ac090d960,0.09023896514713341
ck_408efac1d3885ff8,0.09466823602523103
ck_ccb4dd9d0a48a76e,0.0057210745219577
ck_2987eab34ca7805d,0.018294606584127928
ck_1dbf1f15193197db,0.020603628104875864
ck_4ed711fe4053e74d,0.036225248193676514
ck_6c54adce174f45f4,0.00130876007094787
ck_a6c740041faf0bd5,0.0015294383584766543
ck_b05c4d33c4f43639,0.03343332507303176
ck_032880f1114dd51c,0.08345938150083645
ck_22311b037456a76e,0.0017388851656732496
ck_5866b413549765bf,0.0031933499748467743
ck_0e808afe2570ecac,0.008578036798476543
ck_634276b05f4381f8,0.03084741013711799
ck_5d8773badd0d4740,0.005231657654228574
ck_82b5b79ce3517102,0.9269782392930471
ck_b378b8d8100ee4b1,0.005997022606498713
ck_54e581f71be5430d,0.0018080036227009271
ck_798ba4b8aa544fea,0.00191592582995511
ck_3fe86b6331ff95e3,0.17204783934096207
ck_81275d9d4c559e6f,0.004867776329222089
ck_99a4e5ef02d89493,0.009909495247053122
ck_54e2eb018d947790,0.003724312063981933
ck_966901ea9c77cc02,0.0036729219554194276
ck_27d69ff4e0cb428c,0.04199879892435437
ck_2cee2dd7bbfc09a0,0.8737426353366061
ck_4136b00924695ab4,0.0008585941833190084
ck_59a164c40c03a45f,0.002056690699872113
ck_3e24b026bc66789b,0.0017847646211087212
ck_8105bcf69a75ee47,0.02763883237221039
ck_7a1782cefe26a456,0.007543068556393173
ck_970c7dc195161272,0.0009721073185543056
ck_a48ec0c00ae20e82,0.01838450550944238
ck_54b374ade34e1dc1,0.004431952014778429
ck_74e5dec189761d14,0.00644220123867548
ck_4717f24f2c6f40e1,0.014671568427547601
ck_fc8cd8a8209e802d,0.00936600898653508
ck_71db4131d7efe218,0.0038697903287419474
ck_45424ea6f0bc4650,0.16061671956541898
ck_3716c6181a5035bc,0.030654504353322343
ck_26de14b96bdad4f6,0.006298636710389611
ck_99c0a41ac9c73857,0.0029906201859519546
ck_645f15bbbcff3b4f,0.9875263583531722
ck_b7e25ddd41514d4c,0.0015109945151451716
ck_d5c14e877ca7b755,0.0028135136239266266
ck_05ea4440dac6cfad,0.0388538402521307
ck_c58bafff7b1955cc,0.01171923274082597
ck_f0cf85b67a9b840f,0.017981979883174785
ck_ce1500a7f0d03fba,0.0030981190632935634
ck_d4972a775aadbbc8,0.004723285331425462
ck_3eb6146c262e0fc3,0.0011080236898239715
ck_afb23858a4ef42ed,0.9810601709041021
ck_2c1def5c91c52a5b,0.847253601681999
ck_72e550559487b919,0.004574575127730405
ck_0284dc2b4f856b3a,0.2774584339168064
ck_03be334935e999a2,0.005450179611987686
ck_e35a4b4a3cb4cedf,0.005101253019296192
ck_5abe57dfff4b735c,0.0035519782629509725
ck_f5f87f772388efa0,0.03047838290998119
ck_5a22cb36d612236e,0.006080978261750654
ck_8ff1e6028e764472,0.952289649128407
ck_2ab28149b0986642,0.4976813971788053
ck_c88fc1bac79fa6d3,0.023797345958254272
ck_5b137d74bba6b1b4,0.0022579507570489035
ck_11f362dca2dfaf5a,0.00835130421271901
ck_7f960541e5174565,0.004792486839415822
ck_d5458ba39ae94498,0.006279938819353298
ck_0a921a73a90c2e39,0.01803025854539563
ck_6ad56ef40086dbe4,0.0020592367162845576
ck_b68199ecccf2350c,0.007119669862111505
ck_6dac66c8198c07d8,0.008248333798774826
ck_9b9ce7bebc235fe8,0.00216517587607135
ck_6b817117d87063a8,0.009387844273511494
ck_900d62b3184378c7,0.001465401609740546
ck_eafe9b89857149b5,0.007988838182820986
ck_e74716a525ee5b24,0.004269991555411376
ck_4e9a6f06ab134102,0.02114989486116213
ck_b0d33b5a3716661d,0.0076470264011753285
ck_8703543bf3134306,0.011926228521971784
ck_923d6a0f83accef1,0.017725419828881598
ck_52e37e2170532e2a,0.10015230174027417
ck_c1c5ea839c58958a,0.026566357634450418
ck_660f0006780e87e7,0.005537273539408755
ck_830b2c5d1818ac07,0.016178864114329727
ck_b080ff636932d1f1,0.0017220704313916026
ck_38730aace405f2ae,0.9923047276884175
ck_9790138467a06223,0.0009103979558073666
ck_10de0b0d86b17839,0.011422856349764933
ck_c3e37a4d3382c32e,0.0017160098163150038
ck_dd8edfefa1eba531,0.001082134390454516
ck_8153cdadd300d234,0.0017048171489974964
ck_74d0e7c2c6b63d36,0.6683745597564624
ck_c478aae3031bb328,0.004640676815915064
ck_cf301f2194975866,0.006826467117157855
ck_f4de03f44e3a5bd5,0.003039587531014781
ck_b06ce826e593b210,0.014781321231205598
ck_2fc70b6baf6a0e26,0.007844403257978841
ck_d208494cf5c90047,0.015547571779385327
ck_086d29ccae565e5d,0.005655336589027529
ck_d5ef6dc116dee408,0.006459754058844731
ck_fdf0c5b722d83464,0.0048527076729699865
ck_de8494b13adeffb5,0.0033349107738879567
ck_556786868599143b,0.031782595733902304
ck_4940e78cbdcfecf3,0.004723998554907542
ck_d32fbbfe32c00416,0.015070360180727544
ck_bc7710f7e9fae649,0.0015761397117389708
ck_416f7ac57da081a3,0.004985170417259625
ck_6fb39b60c67d5475,0.0017482933781939275
ck_e40a156511345d6a,0.00197870699360082
ck_49ab879b5aa7fccd,0.0892274890160254
ck_bb643194d1cbc47c,0.9903382390767689
ck_b3ce8f1bcedfa043,0.010157026398477998
ck_558ebde8c29132a4,0.005951573755306096
ck_e6222925762273b8,0.05469730312064534
ck_bd80546b4807dd59,0.014053736017417908
ck_bd21164bd2bbb635,0.0078104109011271185
ck_ea835557d7043667,0.009917198323098038
ck_1411a80a157ff39c,0.013528103140638516
ck_ab973888c20c9120,0.0724744894154419
ck_95b48972061abe82,0.004409364703116437
ck_fc4a43f8876bf10f,0.3361724525007782
ck_f34fb7ccf82f41e5,0.00821614590000275
ck_5af9934a56801ac0,0.007997074947466976
ck_fc7445ec76389a58,0.54238777766983
ck_1eeacc26f02fbba4,0.03601162608818578
ck_4f325dd15c9bd45c,0.013035086936200495
ck_5009a6c8bbaf15ba,0.027272431898351542
ck_0f3de7f074bb33af,0.0030236248324445056
ck_2cbc2f93a32eede8,0.016450259158586868
ck_4bb90a61c21a303b,0.00546011110869162
ck_3ade9eac7d7b0dbf,0.09885025771164453
ck_4859a58629622915,0.005088449089935984
ck_5fed957287ebca03,0.0012943511643293921
ck_ec01ae5351500355,0.0018256030827205
ck_703b41624ae6a5b6,0.0015366443577184098
ck_97c38e7f61c27e47,0.011444467984207164
ck_db2c0908150cb2cc,0.02016846230902304
ck_64ac5e6fed86ab60,0.9880074126659208
ck_da1c853b0a061e83,0.019884912292976543
ck_9a36916b60178ded,0.7534005351735507
ck_3715bfa7fed2c675,0.0023458537348688634
ck_dd3feb77d7d4f6d3,0.004338148293864153
ck_982ebb24174a4ade,0.05153884689180241
ck_f6b7a10d47dd9a1f,0.008692767907492457
ck_1f56fe99f250cdf4,0.017589581382619006
ck_deb3ac0606d6f6db,0.022376866195313205
ck_e666629e5a41b39b,0.003932679506416004
ck_756d2c13d02b3e09,0.013291684674067524
ck_7bc752ae7cf5d55f,0.003600283177056288
ck_fc0cc4b25e6a8194,0.003958244551675647
ck_9b2b0e286de78a1b,0.037587171222298696
ck_24b0803447211bf3,0.04627701254426702
ck_82eed68d05a42128,0.011509965522902225
ck_c8a03c516ed5b05c,0.06969918861408439
ck_e914974cee1bccb1,0.0055950135855929554
ck_0c533ff2d0f9962a,0.012733635482010147
ck_c12805fa5d970a83,0.018478909770021007
ck_fc2cb29918631f10,0.051264868396245784
ck_c20e89afe575549b,0.0016184993066157547
ck_e1ff9e31becc27ae,0.03992990335123886
ck_18116d0ac08f1996,0.8598710490662346
ck_885a83975cea5e64,0.0054985411080752875
ck_a0c3059a959ba5d1,0.018318417745841836
ck_75257ca7d7da2861,0.027460491254050992
ck_2210f7a0d13bdbef,0.017479990778658555
ck_9cbd9ecf8374f65f,0.0055507002900730875
ck_18f67c00ba21fbde,0.005685434386568184
ck_2d28f14d3973d8fb,0.0016923526920363423
ck_8b3401b44aaae728,0.009173820762159779
ck_9d8e9ef37797d3af,0.1959860097676061
ck_9f50920c894f64e1,0.005181157707776473
ck_4737e0d56c6fa0a1,0.01455433494893007
ck_52c311f29ca3aca9,0.0013568862804725899
ck_6a4981bc721df37a,0.010800095680165645
ck_823539d936c55fc6,0.001534856717504169
ck_df5aedb4118020bf,0.8365699432317011
ck_a911a066ff0f7b56,0.013454390956537577
ck_684609767df4a14b,0.027833626070840816
ck_f2350bf355dc919e,0.010923647934347273
ck_8452b6cf97c65a5e,0.02840422757834133
ck_084cd84501012218,0.5147867428885189
ck_ace6b72e5bf3e93b,0.20668940297730945
ck_2afdd69094c955c5,0.016881730951970507
ck_fa7d5be26bf7b31c,0.04110471104202153
ck_4b041217690fca2f,0.021594054168281494
ck_9fb8e3d38cdf276d,0.8962665175899095
ck_c1ee56d65a42f59f,0.009942006519864946
ck_fdeaa1cd085691f0,0.15543292963900773
ck_5de33a7a87e9aa62,0.03319275706583352
ck_7476e7fe1ff45545,0.012274053147230629
ck_b0a947b498e47018,0.0051962432305323
ck_e3894ed88a7977e4,0.005822410892210657
ck_c7e07ebfb0bc15f6,0.022483950451474
ck_3a3daa8b376f2a18,0.0014859325635008477
ck_87809324c2675b0a,0.014040848121763275
ck_7eb4f33260f1dcd4,0.01056064323087391
ck_ab9f0e08af030060,0.019049537541773215
ck_5b8fc4a76f340797,0.019221184466552573
ck_0e7bf10ef49aa818,0.04404296993701236
ck_a44462a3853ac67e,0.969838692282109
ck_2d14bcd2e0fc043d,0.01530207176002706
ck_df1f2dba802296be,0.9455745225749119
ck_466a7316eaf149b1,0.007992850528911357
ck_50df50af592b0c06,0.006470438042839715
ck_5f9e34c849704b95,0.0008708779771825118
ck_7836bf6def26aa87,0.005720661243125056
ck_ba175b1bd8efaabf,0.008716602701631259
ck_1a0aac7f7b94b1be,0.07959460874511522
ck_6768c4b2aa8ce586,0.006078520717070747
ck_eefcf0ed15897898,0.007631513625634614
ck_7a6cb27e390b6ceb,0.004363820830900689
ck_5275be4e1577c1c7,0.002633978380338091
ck_6bc0e5b8c0b7d2bd,0.010155461411154563
ck_4874bdec79f9106c,0.014887083138241528
ck_a678731156ad7bd2,0.11453702221484431
ck_db906debc36a5d1e,0.017305803561490796
ck_e87897767c612942,0.008834517085048909
ck_45ed5ee496ef8a67,0.01168214211336755
ck_ae20e28f9854f3ee,0.021476053750815884
ck_9ee044b73943a90b,0.010788666970864239
ck_dab34cf6f0626c9b,0.020351725027053267
ck_64a02b7b96149810,0.0016895809877246165
ck_c417d06f3e94685d,0.00675781967114031
ck_3e0149cdee4cb294,0.010287281849651012
ck_0e6046fc30f81705,0.006024504903099396
ck_c383aeabd53e9c89,0.006669397031951088
ck_2ef76f1f36e8b869,0.0783808979621391
ck_43948784650bb9ac,0.012289590136961544
ck_bdb966f43ac350ee,0.0182923832150481
ck_5bea0e0ee0b094cd,0.00928100810784705
ck_dff090f03ca5529e,0.004983565492664149
ck_a4691b57f837d88e,0.011615905464049732
ck_99ee90946395d74d,0.9496094000571401
ck_cc81dbc83a8879fd,0.0050199949475685035
ck_f3dc0725621b3a35,0.001870890562904048
ck_1bb212d1288b9689,0.028232385173776093
ck_9e7278fc7679f002,0.026215986098164928
ck_3ded7a8720d7e311,0.003152817655959061
ck_798157bcdb9453e1,0.0022299412466450065
ck_9fba80f56f357fe1,0.014975255266003774
ck_f1e1c8491f16f912,0.011650788187832902
ck_7b1319a5ca2f63c6,0.9593661127497553
ck_124432fd5c92af7e,0.8160606186321605
ck_148cb0c723284dc0,0.00680265414572653
ck_b56c62c950eda009,0.0028794691951368116
ck_a0498755cd8d7188,0.001021534350139426
ck_5379452a9d74efae,0.002475429676497241
ck_6c2453229d608183,0.03260918912883883
ck_f9d8b4813a88c1e6,0.009711044191074136
ck_c2c7d1e45a521857,0.015763134331713165
ck_4364a83a11743888,0.0033846567786833008
ck_2cdf5fd97ba75e06,0.35848218729265907
ck_71bc01291e0533a0,0.004608212199401594
ck_a725d7aed2a0bdc2,0.0011906378329758632
ck_a9b0c4dbd7db6a91,0.07518709153839627
ck_a4258806a533efa9,0.010876317163077966
ck_905e460591d9a278,0.07815803522096396
ck_20de8abfd8960ee3,0.014489871027549747
ck_252b0a0f1119b220,0.0009810353945661175
ck_95e4bef65c36af1a,0.004204786311351184
ck_5ab68b434ad53fea,0.0032547095473549857
ck_13677a1957078827,0.0016008239502775978
ck_d251e9fa09e542dd,0.9933330879643912
ck_700cb620f300dd47,0.020341960044402557
ck_39a68c55a1bd3ace,0.07357929389382303
ck_61a59a7944d6c53e,0.9106625491331188
ck_db6d1c6d31da967a,0.0025098464789446817
ck_650020c500b1b50d,0.01678538431673025
ck_d812eb6930192793,0.0022444770195155
ck_92f6ebc11ebca89b,0.026424814449602377
ck_d87e26eb5bc84b01,0.0032261959008277694
ck_66439e697695224c,0.0037507597887082205
ck_f21efd504faa654c,0.0029027123789457914
ck_15eed0f5652f0352,0.004468222149837623
ck_bcdbf57d98dc0d27,0.025075121822590616
ck_873ceb8004d3a9f7,0.04088817531025241
ck_70bef9ddd4bab005,0.0031704571540444823
ck_7560f1891d66f294,0.002306478143326112
ck_f439f16f8693883f,0.012580453543915562
ck_14f9535e53f9c7a6,0.004649171440546626
ck_5984be472d2bc267,0.05467112934127339
ck_ed01be7504dc4187,0.026819179708732117
ck_dc3d8b5c17b67ae9,0.018219487444595495
ck_9dc23031b6b494af,0.049585745019080814
ck_fbdac0221bc03f66,0.03320734955303507
ck_863708a99b92ef0d,0.02982521957244224
ck_22b52654776a1ea8,0.9541585305507775
ck_a0714f98001efa0c,0.00970433397285806
ck_9c56114f84e9a541,0.0031662269681052542
ck_e155cf506b2fb699,0.0022765672086245492
ck_65ed7e72f24731e7,0.0019804806902431896
ck_822d6e8e43befc72,0.6667689614879435
ck_b1182471d9ac6b26,0.0020424891899548567
ck_821446adc95e6da5,0.006812938056625759
ck_ff182f033134dbb8,0.012608907929711564
ck_9c5feef7647b0588,0.0024712498581134536
ck_df935d8bdd44883e,0.00941996624116127
ck_01eb24c18ad11fca,0.052221299026549164
ck_00d6730134a1eb51,0.008612832424443618
ck_79ba8e85678d0224,0.006370746663202204
ck_97e3b04a1350f6e4,0.024175981864608002
ck_74e9747954a46eaa,0.008119984656597154
ck_397d5fcc9972f909,0.017619888123031897
ck_9ede89e8a43c3f53,0.07368250092857946
ck_303b33910d67f306,0.001462349137315002
ck_3c17841636f6f7dc,0.010839566467019897
ck_78730527f8ba1438,0.1002942790951119
ck_5ee32bc6bb5d1d4c,0.09947003559181047
ck_a13fee8cd925d0dc,0.009870611899940148
ck_6f847263379f2e43,0.02051670676300219
ck_9b9d9e579e7b55b2,0.10646868615183191
ck_87c1d0a79e79c84b,0.009346049438381339
ck_bfc453eabb472f91,0.0018896210318201313
ck_978c21bb5fe3171e,0.011058825704638278
ck_dd882323474431d4,0.011818626010496238
ck_533c4f7400d5ab22,0.038584560303621264
ck_5f217bfe28954e75,0.961956549068103
ck_ae96d35465b3b4bd,0.004429749161143616
ck_512ebe97c0af94dd,0.0363069318984561
ck_f558fe02bb0219b8,0.004969361744230793
ck_84092e23d5ef4d51,0.026697900278643574
ck_17d3022ca12eacd7,0.00419254169533369
ck_8a8f81bf3558fd9c,0.0036269216258955476
ck_0ada6fed1864e7c4,0.015016932413649368
ck_21fe7bc59dcd78fb,0.005261935124599447
ck_e136e20c1c74fe38,0.007751625379773977
ck_e7a530e09d113dd7,0.05294015862511559
ck_7cb0c9ded4d63027,0.028746494834388424
ck_102db9615e722c9e,0.01956922660909894
ck_129e39ddfde92eeb,0.0010212978154641196
ck_d730ff21bfd7769d,0.005017691828674781
ck_54459b45d2be8459,0.0009191824763295959
ck_7f1c20319eb60aa6,0.9925321500712198
ck_939fede90473e412,0.0013245754436357103
ck_e0f9506a6d5f4a1a,0.0022167158705232153
ck_9a4967cdf49265cd,0.3455407928778899
ck_b9eaf03453ac7d5f,0.0054170480931175135
ck_522477be6376b450,0.0027409039731710054
ck_9b6282e3bad50710,0.019064692246211434
ck_a0e3a2facd508e49,0.03433718976680876
ck_97ffae702f7c3d08,0.0021913070975389357
ck_344a95cb7115ec67,0.005805389794659812
ck_1f2760764afa45e8,0.0017748790287826241
ck_720cd658d11ea428,0.025905378308862508
ck_04e32ee9834c088d,0.8079092264396782
ck_2bb1389e5e72c8f4,0.026772741829266658
ck_961e7dbc217cfbbc,0.0018987365993427775
ck_f3bce4eccfa6d6bb,0.0029349518042483254
ck_e0ccfa0d689339be,0.008735040078478947
ck_98217aeafa0bfefd,0.015620306411975331
ck_a02aeec1914c158a,0.010506168825582493
ck_20a17e8f206a14c8,0.015453588753932601
ck_114c32aad4b6183f,0.029976614349120707
ck_79f5198f0decef20,0.00308543176757726
ck_2209de229b4c71c5,0.011256683374700243
ck_6ee939b7f396975f,0.0035771823180736637
ck_202f0c14b07ace01,0.019790337610167474
ck_fa24db9d416ab904,0.007104262381196532
ck_cf6aa24b92c4d33c,0.7771294890708038
ck_45f57fb8194cefc8,0.007701587244040942
ck_d5eb179dc45394c6,0.016894831011301188
ck_efb24be983342f75,0.00497242660973343
ck_245f5d62ead5ef28,0.0055029562412258395
ck_15fe2a47fa7e92ea,0.00296304399497391
ck_b6527a85fd682554,0.014079466401635614
ck_11f9390a11ce9ff5,0.013645957956336064
ck_ffb4d892c5158201,0.0035259544459704806
ck_d4c1da5a1427fd6a,0.02966177405300464
ck_2c041b1efb1c5063,0.010867857403558384
ck_ecc18f40b33be769,0.039979535829867664
ck_0525349f3945375b,0.06004438769806671
ck_0bfe62e0c7eab9c9,0.010597733348374527
ck_b7c37d410b1646c2,0.020189349811675545
ck_4b15b0746318cf42,0.04924075612633995
ck_e5ee006ecd8ff661,0.022043762207657407
ck_ccc83cf66365357b,0.021914455875624253
ck_34a33ffe8339f66d,0.9203812445547042
ck_4e39e3b165edab58,0.8008673196221537
ck_1a71f8081ae00190,0.8585933044438405
ck_ed8f1200fc049c40,0.9444264318248065
ck_8a5a57858e8c77f3,0.028708822136237946
ck_fff9fdc2adf5100b,0.9429840713200337
ck_c76f1bf40f3b787b,0.0008286990370853866
ck_1a6ddfeef82b1b1a,0.004115600731800975
ck_478d2667aa9896d9,0.0034882200981063323
ck_641c8e7694b21f3b,0.015847011976654255
ck_293581d879f6663b,0.8284527094292627
ck_1bfa8abdb22be8f0,0.007589078598315747
ck_05ab5b03d0bf9ce4,0.15028772883124328
ck_35694db37f0cde7a,0.0015906424654957294
ck_fe33eb743d714c03,0.008064776756020717
ck_abd10fbcbaf2b038,0.0035047454880046507
ck_46d51648c1bf80e5,0.06685007779024037
ck_5c8390017fabfaef,0.041263651987457434
ck_87d55ca333f22072,0.0012646609353616977
ck_c39c6a1453e2b92c,0.0005791974805713664
ck_69ff1b0aa143a168,0.0009138523415276196
ck_e57c79eaab35ded7,0.004758729397203584
ck_463ae759e2b6ad1d,0.050105540353737384
ck_0dae4a7eb587f3ba,0.006283790814522107
ck_9b12fb56529ebc4e,0.0036206646635607086
ck_1af547077ba2dd03,0.2304449746285136
ck_de13de941bebc7cf,0.0006140378206801872
ck_83dde7da2bf647ac,0.001183701890714992
ck_c80a94d4660041fe,0.027909593340849144
ck_f39cfeb277ef6528,0.003041347226654858
ck_1cec1ed1512a2d3d,0.001503488570683989
ck_7955a359b6448799,0.0026433972782771422
ck_8c0955dad13c3ca1,0.003568853512387839
ck_6d4cd2de601a2308,0.018077629400621822
ck_f4536ba8dd2d551d,0.00882645672128978
ck_b379c198d6db2d62,0.010504964905132048
ck_76ea90ebc74bcdc7,0.025457894624673256
ck_734f06bd4aa92781,0.013761999821466444
ck_677e1d0c14cbf569,0.0016787961099008432
ck_259271c70f3fbcbe,0.021100162538123704
ck_c0b744eb9e7d4eb7,0.010204078376310332
ck_3d41faeb96802f68,0.0028453915962105827
ck_8f604fa70fc3c8e3,0.005817054682989204
ck_0b3c3bea0e0ed339,0.010852797172938047
ck_be5df076b8a86409,0.003873285241479231
ck_6a475fe324d7d790,0.016883133453133796
ck_3ba3fa5387bacee8,0.0006399044355880837
ck_324b9939d9c1c31e,0.0016512679768735787
ck_a7fcf7b592f68ca1,0.042757420409513885
ck_5b2728f7cca414ae,0.0012435145999429927
ck_5f4a25ffd0b85a47,0.03703601982073563
ck_63d4f5076fe4406e,0.004443671868000595
ck_af528d66c86f0cb8,0.03561570223730017
ck_ac7cdb9b8da7b5dd,0.01314795169870157
ck_3bece63711407e25,0.014265135210297325
ck_d4e0b2a12fcfc35e,0.005567094430660393
ck_ee3e7c9d3a9c74b4,0.02884768796065312
ck_50d7c4dab837bf66,0.006118797143968755
ck_ebcb93a2990fc914,0.04596532903100507
ck_2329cc9702cdf7a0,0.011130793531429154
ck_db1fa53d588bf99e,0.002982694965525326
ck_44e57a0bad5a0745,0.01125919700125286
ck_472c81a144f4631b,0.0017111827877498542
ck_1658429acd5306ba,0.009017665026765577
ck_466103ec5bd9444b,0.011136737887582902
ck_9757163e25262b74,0.023151056569667063
ck_34ed59bc2c9b0186,0.003286112801080609
ck_b7bd3a7f263f4f29,0.019125069932559507
ck_149662b09d632e41,0.009099575911372398
ck_a9ffd6b3957bd41e,0.002252537641301484
ck_ab80466ef615e85c,0.0017331021986789906
ck_f2c824d3473db24c,0.00799300184770386
ck_a4a01fd45936b078,0.02997875707928651
ck_8f6ce158c2902877,0.0012158192270486272
ck_5189a302cfa7cefd,0.0008902341500647262
ck_430a3d03be588201,0.0022582514975617142
ck_b5f9dd00914b4db4,0.003948074180165978
ck_52dec82e9cf6135a,0.0021414879837208345
ck_95e444a01e2ab4a5,0.011795228929783791
ck_e37cee7b123692af,0.021937199765152356
ck_d68d42858a55adff,0.01637273002732139
ck_3abfc010091d679d,0.008383089816487081
ck_cee4e4e1b62bf82f,0.011299539187274553
ck_9ccb17c35e636c5e,0.0035080317278203587
ck_f72a5a3b0d6c1177,0.0010551458412854005
ck_7508aa554fae6afb,0.029723694693802292
ck_003aa842b7ca1d77,0.24900215837383674
ck_83b2b192f41ee2bc,0.08207224330344079
ck_64796b6b2c3c7f06,0.02262051906929052
ck_6438ae81d43cb196,0.00395273444248261
ck_2bd73d9098504760,0.022329598706648048
ck_aa8b9b36a099e4c8,0.11605415360280355
ck_e5ece47d0dd10526,0.01026884866991051
ck_16077ac345472e6a,0.0030798368903058103
ck_a4d6e152b0076964,0.0050104294471173755
ck_d90b1d03ae151f62,0.010414542393628788
ck_18b36d342b530af4,0.010301965742279973
ck_2a01e610348b84f8,0.014225579490873178
ck_0a93ed76bf36c8b6,0.015715610632494898
ck_3d56b477fe2370b6,0.021380973019019093
ck_17ab3068fa303682,0.0027786301283982697
ck_592a3520d841d11b,0.027632170833500974
ck_84d07028b5fca2f6,0.006290136547314535
ck_f4a2bb10afa85743,0.024025528258368616
ck_4fe4b072f03f2c1e,0.0026818338981660114
ck_9ad08fcc183ea1e7,0.0010505985853767206
ck_130d3848b9dcdb05,0.00565316998734782
ck_bb399ed6bf28c230,0.015865651659101834
ck_a31a64a39a2c4941,0.004580957637833775
ck_c49f25dfb39909cf,0.019046187734496577
ck_55f50a9ae2db8ff7,0.002848279704578968
ck_09faa4e771cf876b,0.002371305427913825
ck_df520a7a6e405889,0.02860652593692644
ck_8c8c98cc694ac900,0.09869061514798619
ck_7f0c4f609673ef62,0.020158919480534193
ck_f51fe59cd445d2cb,0.011139804600852291
ck_b3fb83f0d772a831,0.010737730865920808
ck_d6e7e257751c299b,0.006562077959013457
ck_0d362ddb4a1cb6d4,0.0058285700202560615
ck_a574a08edaf81781,0.0034668305690699975
ck_a823f5bcb0e4b9df,0.0019558650944112395
ck_f792586ad0381eac,0.018504939946865532
ck_54bfd70022c66983,0.01726447112203479
ck_fe0a9372c9372de9,0.004666714565476373
ck_5691cd6fdb6d8147,0.010606957110850754
ck_a95f212a02433d23,0.004490885990665284
ck_f5adad75e1c06731,0.027725000257248434
ck_e09c97520eb0533c,0.0026540099407889556
ck_a1e13c0d58560340,0.0014321394782435084
ck_cacc2ca410cbe80b,0.023496735444870763
ck_c0dde2a6ef1e08c5,0.0022084568939245938
ck_a04403073c90ce38,0.0011683814597234557
ck_03d3026107175dae,0.02042335612670945
ck_50176dae5b1b716d,0.004265061125287593
ck_6c084bfcb38e96c3,0.010103594577876632
ck_36d2be9012f7909e,0.018719088904582737
ck_958acf84c6137a22,0.012831920445127184
ck_114722e12db90a73,0.00825140476531542
ck_203c2a22c0c165ac,0.0053746419911010895
ck_2c44ca550e5cfa82,0.01817728069332284
ck_df0a8f20ab8f14f4,0.03281721628171999
ck_826a27ff7555192e,0.013909243816529247
ck_09a988ebcf062297,0.030781942988901467
ck_5c82444b3b9160ae,0.006013090289772037
ck_f6a4a7ed27fe76fc,0.013425670541580217
ck_17de46314b5c6a92,0.007268736125227975
ck_335e63101b1e6c4c,0.1342490207274111
ck_c5eefc0697451de9,0.009412825074201854
ck_49a0efb5d4067b6f,0.07947069694894114
ck_c1f4509c8f5dac5c,0.0060523195635130535
ck_57658eda1c59bc52,0.004093427118104406
ck_0d5c0736ec76385a,0.0007125370147156794
ck_e0239e6ae30795a7,0.012796547129710553
ck_e4459115cd8e5e4f,0.0028511672809179533
ck_bb4aec09d4968dda,0.03874567630345125
ck_a1b4c96faed3e0db,0.019351663292734956
ck_8247b79ac67aae7d,0.006583746309841919
ck_fe2fc7d6e5d83f09,0.03663195776509196
ck_f6aea576cde8d592,0.001426146552396223
ck_b7e7f7d0cd886412,0.04374886216582199
ck_ca7b993e8286af7f,0.22256480880800703
ck_47de038381a9cd65,0.04507515718185435
ck_d38f941d09eec820,0.04278673683314709
ck_d9ba2a6c0d926b4d,0.0018879558826584717
ck_cda72f597330d0f3,0.004342910021300979
ck_16d2d27fadeeacf7,0.0040012412671652856
ck_be05447853d423a9,0.00131748293197588
ck_cd92852d7376a4a8,0.0006690352505998771
ck_2faf7ecccc9fec58,0.0009669117845078739
ck_db8733fd92f20cd7,0.011893580258905622
ck_a9989a3a94c26634,0.010411965133285897
ck_957fb25437c75e41,0.03217677740657952
ck_e6a6caf6e7de17c2,0.0049143388538687854
ck_f7bc569b37e8bdda,0.006657252221501125
ck_703b375dd86a6124,0.01815191491957554
ck_d3cfb3603f2c6ca3,0.017339099048809016
ck_07cb2b6f2a4303e1,0.015581467706770222
ck_31631e2028d4f855,0.0049765419735099976
ck_1631bab0ba1256db,0.026452761297305703
ck_5fdafeaec036f016,0.00962300601857362
ck_6eda4c36aecad602,0.0037295405014299695
ck_bd1bf9e3e29de281,0.02532010293515368
ck_bf378ea558a4125f,0.8657967432773629
ck_7aa2deeda0e57412,0.993732072582393
ck_d229cf7f5a3f38ca,0.010867192335782842
ck_9e109edd124492a5,0.0038595814667278256
ck_779491819995625d,0.5106373545323616
ck_b89c6fa2ad0a12f5,0.010164708124765078
ck_1d01b4a609918c4e,0.9269776381971905
ck_714c5d7cb17bc9f2,0.0021287990152923358
ck_269f1746f2609ed4,0.012534890931231772
ck_4be03a2aa62b93c7,0.0013540189427530256
ck_cf920313f6dd28fa,0.018522645609868788
ck_fb00aae4e17740c5,0.0013123294123390918
ck_085d8c42739e2b10,0.9893858558299921
ck_c72a7d0d03cf3e17,0.21045423767587115
ck_8f6ca5d3b17eac6e,0.0013635159504951306
ck_d9573100bbff4014,0.08551782624072622
ck_79d6793d1d0cf43c,0.001946488799603707
ck_91fa5032f7aff0f1,0.017604655918260464
ck_87110d84872c0fed,0.029610057483716586
ck_8220da627e9992a5,0.003219152542407214
ck_2ae44938847f3852,0.011404463827114774
ck_b0f191e44f9b6f35,0.03864207342039613
ck_3049d744b527f4d0,0.0071761781850691
ck_47d3e8d1dd3fbcef,0.01383446586764971
ck_ddf787359d2b5deb,0.0011059206192435829
ck_b27a9e39726b26d9,0.002106041680514968
ck_80c4e9274cf976b6,0.9851343131948241
ck_c6afa913168ce8fa,0.0018504663418137755
ck_52427b3f8478db19,0.009834666669948729
ck_3b810f15ca0eaa55,0.003020779791821599
ck_0c9e420f97baaa06,0.7911993463527132
ck_f8540cf3a8b2f8c9,0.04077035539926412
ck_1402d24dd623df72,0.010808351754828796
ck_eb4f4267e24d042c,0.003420323876798432
ck_6f661b428d6fb8e4,0.14682293051275994
ck_519a26ecf3d29c90,0.0021415935390477047
ck_e886ba71d4a6fd73,0.020988076140995654
ck_437f9ecd2016a1a8,0.008647810795083147
ck_f01af1b0c977cc06,0.009627848059871692
ck_614f777c2eb5d537,0.002824957815699459
ck_b804e784cde9af8b,0.011167931422297571
ck_c2dccbc1b24b137b,0.7080725858400944
ck_1df4a1781a0f6999,0.010471332138891704
ck_bd2cdd53fca26171,0.010539127618914505
ck_424c254249a109f0,0.049423334357880266
ck_cf2ca4f286e289ba,0.024983343768584798
ck_6c33cb15b0d8af54,0.0044660680892928345
ck_311d395fa9b8550a,0.006487969205811965
ck_9f792e7e721ff7f1,0.002222943172288033
ck_4c37586080edb7fd,0.001168699791985774
ck_7c4f42c5397113b0,0.002848558456154187
ck_fc418f53ce4aa579,0.966260241160491
ck_1ba28fb7ef726ce2,0.011394622654739025
ck_d932f98bf6b83956,0.35170994807013695
ck_248b3659a9239240,0.010579264354671828
ck_6a92cf5f4cf5de38,0.027031328055607703
ck_65519d0fb137e0c5,0.02126167999733123
ck_ddc3fc99eaba2064,0.02868257572310272
ck_7310cda3bc65a73f,0.006105190054603225
ck_c01c85bd631d4054,0.005688686412710019
ck_b4954d16b9749829,0.007343120681066808
ck_f301f6758e170d66,0.04899307663645925
ck_9bf95f8c47e7c7b4,0.006385850765941158
ck_c91b7fccf6aeb4a5,0.018272260855197963
ck_785fa45e86bc5e95,0.004291053051951194
ck_2a65f1cc23f1180e,0.003198548274492417
ck_a49a2c1f881a3560,0.003085721239625445
ck_def344d68f06d749,0.007849302852476925
ck_abbd1465fc730d78,0.0024933400220954562
ck_07a5610ed28162fb,0.006187790610524445
ck_7ecdee2d7127be8b,0.009119775246074487
ck_67858bc00e81490d,0.0014588909755485875
ck_b4ad165ace910222,0.004037119449213351
ck_30753ffe481a1b8c,0.2597228711858971
ck_c401a26725b17177,0.002336143638598809
ck_819988d8a7f26415,0.004854821270313809
ck_3364a1d9261b3638,0.006597014945668161
ck_c484c5bda389bf20,0.001683642874254483
ck_ae416325fef92c9d,0.9520334375730938
ck_5517b9a865960542,0.012212984547360875
ck_a0e96fed380440b2,0.011238974152570578
ck_e83409471d2b0b44,0.0761975640490588
ck_127273af97d7827d,0.0033386810553094636
ck_aaa9861c91bd14dd,0.008767360378398622
ck_a378c58294001a36,0.9090238026991599
ck_abb9d65ff1f95b64,0.13031485755710387
ck_a5ecbefa849ae569,0.011752867589416002
ck_aa9953c0ca2bed7b,0.0010995737408186833
ck_40bc6de252865f32,0.0018391961266875298
ck_9fb11688dcfe1513,0.00412402561173427
ck_ba68841ca2ba073d,0.019455796723997786
ck_1d3e561a7d20be0a,0.9746272205220906
ck_99a92d710a29c1d0,0.0034285089709535465
ck_ede2e887697ffac0,0.002244205803931772
ck_e6de67c0d82a7b83,0.011347163040851729
ck_6b38763bf5ddbcef,0.018621419041750912
ck_8dd44eead7d765a5,0.010816179014017603
ck_30bf5b0056eea9e9,0.8363141521787066
ck_2981d16f8a51a8ed,0.013332468590267868
ck_fc60f42c68c7024f,0.03174655431944109
ck_8e2b2251ee224aa4,0.004435524661872817
ck_1906f0dfaf6e9bad,0.8050097366137247
ck_dcbe6814fc4ca0b4,0.022100381403607965
ck_f7e958a286ae3b57,0.0024009508338983286
ck_713649668a7ca824,0.012548192778794511
ck_6f73cdbf9305e2ea,0.017253108131549927
ck_dd1c490050cd9051,0.02002070101312434
ck_e30db36e376606f7,0.2837162922614095
ck_740d8fe8028b5a2e,0.004035027228293653
ck_ebbc9418cd41f692,0.0015279359714313414
ck_7b3cc6cc3f250f39,0.12193964078629219
ck_1d30eef7110809e5,0.46010304729094376
ck_77e0589ab339ca66,0.0016760627084357082
ck_15ccbf8ff7d14086,0.004153472921841473
ck_246989b0c288664f,0.02640882597604865
ck_fc2a6e27b10b10e9,0.001629400356502174
ck_8afc1112c12f5402,0.006122534814291155
ck_a76e8d83b9141364,0.014609812906990049
ck_51d3e8dd7465c015,0.003952361776020662
ck_e7b4016909405981,0.0011595015295988277
ck_e7a3cfb9bf908e80,0.008755994798680207
ck_2bb49dc2388cdc1e,0.0031807527005433996
ck_94f4266ee7871345,0.005869251841662099
ck_b2c896beec146477,0.010119500981420969
ck_fcf5d4a4748cdd53,0.0028419579537200725
ck_fd0483639811f62e,0.04497067497616223
ck_9a21d183524734aa,0.043687562036895326
ck_1df4b46c0a4c317d,0.02630891836046837
ck_638df9e8a22dfe0b,0.0015263903908701926
ck_65acc43a6dc3e65d,0.003730837610669624
ck_7c67b73196e3d0d9,0.0055711925004556144
ck_b0ee3a98175b462d,0.00160798531492308
ck_20fad010969f1abf,0.001485681144544892
ck_54b087bd873af8b8,0.005003143907111579
ck_8007824431fa803b,0.005141046131237219
ck_23aab322810b9fec,0.012579004519530961
ck_c8001bdb9aafc8a6,0.004648002885771535
ck_3a34c3ac83cf84b3,0.001995542576859265
ck_60187ac2c473a662,0.9805417604762465
ck_6a0ccd7357979f0f,0.10584455811644833
ck_27f20337bef5ffe0,0.025338473660917103
ck_f9fc468915afe49c,0.01344983406058465
ck_1eabc15a94bd9009,0.014029859829842332
ck_26896c494b2768ef,0.009813972760084782
ck_348c874eaf0354f4,0.019497020353519547
ck_be9c46acd216b45d,0.006177957618659806
ck_a3cce46d15cc20a2,0.02930557196709596
ck_70804f60d9704128,0.02776130862134811
ck_a019151ca8e7527a,0.005074330842436343
ck_571133b2aa8ead51,0.012848604582399422
ck_0afa4449f20d5196,0.002657896160672142
ck_4d503c41cf4e5034,0.0087053619251351
ck_d6fb9cc5171e3e9b,0.83124089493505
ck_05ed92a7c3e10e5d,0.010265616094520492
ck_bfb067986660afe3,0.08263142057449961
ck_c1a31690c8573226,0.0027571026301414937
ck_cb88ef3dc1f42225,0.0024252132757659898
ck_21e3b3bd998745e5,0.04103488361833242
ck_cf52e46fa54e4540,0.0017312662491970816
ck_b72c7ac4208052ab,0.0109919761593466
ck_e6465c56b337e6c2,0.007769301176124672
ck_5f87eb05d18186c0,0.01731200169573894
ck_263f6c5ff26b5e98,0.0023132877524393025
ck_e0b7e2c0bbe228d9,0.009065176578796276
ck_b657ae3c146cb7bd,0.002132236387223998
ck_abac514d8167ea58,0.03063990174591906
ck_024dcab126876002,0.005559183869857407
ck_5d8481e2b38bd99d,0.0448230391987103
ck_edf229c17d25dac1,0.08622292992547675
ck_6cb7c97b72d6b5d3,0.0071390412581071585
ck_c96ae2c28086a059,0.09352268982017871
ck_2f241b97c0f8389e,0.00524174992634907
ck_9158bdbb63ee8987,0.03579655716731355
ck_e7b40b60786c1530,0.003498886831412442
ck_66d38518f68e6194,0.001441375857961032
ck_8c9b57ad2a991416,0.0065253693855879
ck_cc91bd7152d3e9ba,0.013869085657073767
ck_0d846660c7957a88,0.003255910788576522
ck_60896cdac2212bea,0.06289885409863774
ck_dc4db8b932df49de,0.09491420301909934
ck_2dc31db181150e20,0.006591250309052677
ck_2f138fce1171e277,0.00445300206244902
ck_68b8b859a6ef505b,0.013594996552165842
ck_c3fe0c6c5e1f40f6,0.0019689906778964025
ck_15886fe84866de92,0.009889158015518389
ck_ea269b35406473e8,0.0012472861931338375
ck_3ce7cad1f69b71d6,0.01770081155298184
ck_054ed4288ee58d6e,0.02384385258259413
ck_3d4913a86f207fee,0.0580858578197892
ck_23ff85f9d2355e8d,0.0097442075751957
ck_d87ab3261322216a,0.0012907236012862182
ck_fac046ce336fe39d,0.004008260300052938
ck_beb97e498e6cf8e8,0.00879117875150002
ck_1f517e0ebf397b51,0.004738751065542293
ck_0af57ebaa45877a1,0.011617358261288688
ck_f99bc1732ce5e999,0.021247992184315317
ck_abb056a9deab275a,0.008266362784184708
ck_0bfc394c5faa65cb,0.009529985797052533
ck_ddc865af1dd5670e,0.012922641777053361
ck_68b5542459638b56,0.0987740625867232
ck_0b1d84252c0b46c2,0.0039196278760936535
ck_520ec32c4f253604,0.029239618959493324
ck_79ffcfee599d77c7,0.010072308158201303
ck_eb224c0fd146253f,0.04513949945977192
ck_0e477084434da450,0.08514744146771094
ck_07840bba5570785b,0.007019428932534536
ck_6b67fe8e310ab865,0.016888140058839443
ck_e2a1068c2fa22525,0.017487293347830432
ck_b9c6b32f6bd92a3c,0.005145442433239311
ck_c1e7d1021ae58f00,0.001107515070417538
ck_5d7801201749ffde,0.01490588432320118
ck_c8806749e263f70b,0.0011889119925482044
ck_c9eeab826781dc91,0.02025507402233793
ck_309a432c160a17b3,0.009743644999330349
ck_b22e3337b8e3dbb2,0.008832137438419653
ck_79c30169c71b8033,0.8702691737793953
ck_5a6593d954085775,0.03974716408512421
ck_70b9b79ea1aacba8,0.011144287215690074
ck_63743141ffa11f45,0.011944496444245303
ck_dfd3dbd0d97a642b,0.005936082056748102
ck_635646a661f05b4a,0.03390875108550586
ck_4b123d6931b6d0d7,0.8658563751328929
ck_f2b0e7a47f442557,0.9348318780077498
ck_1b1df006b81d38ba,0.0023478513777271965
ck_360237c1bd30f4bd,0.004888939137718218
ck_5e84bca0e362da20,0.011813786999994117
ck_142dba210ed2f3b5,0.013234976468678133
ck_a3564236069e3524,0.10238264969229507
ck_cf36d8b070ded782,0.004582370034253247
ck_ddd6625c5eddad70,0.0013070941397507673
ck_ad54292a0b2f44ef,0.008569271666440644
ck_45cd5ef6b359e9b4,0.006345586119082735
ck_982c2392238b7be3,0.19560433714333397
ck_083e4ac78685c3bb,0.01273440578210821
ck_729cc0b46cc2e546,0.24178142975250166
ck_f2b8995fe5402759,0.0012050655554353001
ck_73e24f5a8da289b3,0.017572532128755453
ck_bd85f30c36f5998d,0.03729604816018353
ck_ee4ff3aeadf912c1,0.0034466594937485992
ck_63d2978706e193d2,0.029245491939947788
ck_6a0684436a1e66c3,0.05592997507371107
ck_182dc4a2f5a366da,0.0036917577634587263
ck_e6fecb82fc2a82de,0.00811281244768884
ck_cfb06f07394dfe64,0.0009473488513242258
ck_7bbe1dc8add17ef0,0.007330336184121031
ck_5cacad76e02c8e3d,0.9887485386510162
ck_ca68dec0c7df5a12,0.006333538704087156
ck_e4c0fc52c82065d3,0.0033972627440105965
ck_f9197b070416f443,0.004785323392260616
ck_2a07c7021b71cf65,0.0160156060677551
ck_4fa85cebf707de2c,0.0033000557213202033
ck_0063d2a9507467e5,0.003664498354316876
ck_ec986285fff05b7d,0.003619038405483817
ck_279d43303708109b,0.009666179093246163
ck_a406bf11e48cf8c5,0.014046652876580738
ck_064b2aa3f0bfdb6e,0.010880064831591185
ck_95790440bc4bd2d0,0.03507660625413026
ck_70066eea13b4c34f,0.007594742329434081
ck_19468fe07e26f992,0.9788985227500615
ck_86bfe328e0a533b9,0.9598140551349628
ck_ace3b96c977a7560,0.2221948199408977
ck_642344e5c652d8df,0.017519393824941703
ck_074be35c951ae10a,0.007934134121946872
ck_f14dce41036486a3,0.9882674887221279
ck_5cf67a3a747e684d,0.06567314104407944
ck_f7285b92648c1c81,0.0016081357322753381
ck_bef3193f124fca5c,0.348709529135725
ck_05c4dcbb45de1f8d,0.0017098388047551054
ck_d7c28eaa05bb7144,0.011824254074918168
ck_320df984791a1b99,0.0017201186458272388
ck_f45bad1606fa00a7,0.0073116596942321725
ck_6f81c199e986d9fc,0.005844939376549755
ck_d0c9633fed57c344,0.008740975774145324
ck_a3c25d6cc7478068,0.006446439011861388
ck_4185506d12cf9fa0,0.0013696953144409195
ck_7a02ee1bfba7353b,0.010293866604328869
ck_1b52590757c0fbeb,0.019969761200353254
ck_a0e5656e1cf9cbf5,0.0031648815146031505
ck_ace21f6daef94f6e,0.005625121024018532
ck_646d8d0834782d6a,0.079550232948455
ck_1f136a4476b5e775,0.010763352627193428
ck_325c7643cce02da3,0.02194472738197891
ck_9b5e7fe28208f5d1,0.005452161425760611
ck_05d81b1a150f31c5,0.0026467879333461797
ck_0e9ec486bff403c5,0.006827081387257972
ck_ee13c091bc379188,0.006935530648539199
ck_f7a7f8f5903617c5,0.009059521955049448
ck_96c3a3517153390e,0.007097849903342334
ck_538dad7f096458ad,0.011026301282853387
ck_8758fc6622bbb7df,0.009698662146696709
ck_f7e53af3c91fec64,0.023275426544489705
ck_80b50fad7f255e1d,0.0015872742430349935
ck_9645e7adc08631b5,0.0071004681975360565
ck_e007aedbf37d6ec7,0.0059684385056870655
ck_2951d76c41de2569,0.014956178717313114
ck_9439bff87e616d4a,0.006972808884141524
ck_a73045e96af0e4fe,0.009354463115341957
ck_7b382e533e2e925a,0.021748871951846813
ck_730226c2d216cacc,0.006977876350720376
ck_bdf837d761a7cec2,0.43901130816594425
ck_0b34197335ba3341,0.005523617095949836
ck_49170c4b31a20f5c,0.0028358414460019866
ck_cd553ba6589d8bfd,0.018120791082473435
ck_56b992c6f136fa5e,0.009085365632029316
ck_8beae3d7328fa41a,0.016470112386989887
ck_1a065ea906ae3d6a,0.0032657135862397984
ck_e9e3381d5e0e5051,0.0019155251311255214
ck_a6d4f998dadc90c2,0.8780623663860181
ck_d36733da917115a6,0.007729395804792174
ck_e738e920bbd74a7d,0.013467940629542145
ck_af65eb885a51048d,0.0014025401473606758
ck_73f4eb09af29b1c0,0.01926829321380169
ck_8fc641b1750a2542,0.06781017178624273
ck_41b954c7a948c060,0.003320139116446765
ck_25fc3010e8a0f6d7,0.003477432405229645
ck_a2624e0387974e0e,0.011124857435418361
ck_5cb9d7b2329d5ab6,0.023784131198500293
ck_6c83aa1d100a7cd8,0.017087041751672367
ck_67025c64588abd1e,0.004591720180539946
ck_f5dde68f6f0468e1,0.002615775213084562
ck_46bfb2cfc29a6d2e,0.004009274314692786
ck_49dddb894d33f6db,0.0197458874427193
ck_f738b633b8862d18,0.0030115063784235756
ck_3d6c3c00d854f5a4,0.2107730367644393
ck_cdb8061d8d1a6c5f,0.0032601784852999464
ck_5e1b81848718bdc3,0.010908985333186646
ck_8def763034187436,0.005406287691855
ck_8f8e4fb9c6190272,0.012073757168283378
ck_368b968b5f33431e,0.0019803893934849967
ck_ba7e347251ea399b,0.01454875461032949
ck_9075432001a64e75,0.007774733045391757
ck_73c5371635aca173,0.8315787214318884
ck_81793387b38047cc,0.0039819902577987575
ck_0cf220816e320ac5,0.002413562331816298
ck_820219bb9c761b52,0.27013922032737236
ck_70a932ab39d86a24,0.0007227221679724938
ck_2c4be237a7ed79c7,0.0018631211198885111
ck_acc764b49ef02826,0.643629956543165
ck_74c3c3452e4e7cce,0.0019197880503242781
ck_34dfb57e5bf31d2f,0.031119885427493277
ck_6ec39903f765956d,0.015772327684175278
ck_5986119e7d81e831,0.01911784720915155
ck_2ddfc948b8eac752,0.19431521817293587
ck_921ff5ceaf40a968,0.030519430273107807
ck_fb3b68b4424b5f92,0.02478746726144992
ck_c3db1b3ad4f16679,0.012336424715531797
ck_124a197be41687f5,0.007192820833369192
ck_c58d9151834f5bad,0.00813154144184809
ck_389607982eb6b701,0.8069066695079101
ck_fb0c138c003e933a,0.0012091444640500307
ck_50d0bb7edd8c69c0,0.02045382100870263
ck_c6cb651149dc9a8a,0.0023354559244854246
ck_81e21354e477eceb,0.024296144114848005
ck_7696e38b3e4197b0,0.03865118993700445
ck_586001d3ed9e7fbc,0.0028908619772197784
ck_bba413492dc46f2a,0.011419493809162098
ck_95b894380ad2702a,0.042820743874582796
ck_277621473369614f,0.9957392028633204
ck_a50621b5eeca84b4,0.0030993806354875967
ck_bfa7ba218b988cde,0.01857261766189554
ck_5ea89567dfe78e4b,0.014640504516489128
ck_6c679602a6476ab2,0.010867710321643383
ck_d3885e286b3b11d2,0.013724142869330016
ck_cdcf6671b37c9c92,0.03193329320265789
ck_b5c93e6d34f8d366,0.0014126158633292567
ck_c24f61925dc158d5,0.04880284665430469
ck_cd09375e6c81d2c4,0.012396874956705068
ck_a95afc7a00303a26,0.01860270075132734
ck_8e89ca8b39f3f8ad,0.0042414884314134595
ck_9a84b396aada3fa8,0.03614926684279659
ck_5124a2e415384945,0.04539407434568765
ck_d66bb1f063357f99,0.001628702713823082
ck_0fd9312411b0ac55,0.00966389550527665
ck_ad8cbe6e27e47ede,0.015074392934287452
ck_8398adeaf41f9cae,0.008892733318960185
ck_dcf851e7bb5855d0,0.002522803968080916
ck_9affb0f26776b642,0.0018208923237905865
ck_f0424b3b36bdbef0,0.11923139630894515
ck_66746d1090d6d9e9,0.000850250521979842
ck_e5f8c8a5824db594,0.012687071982113652
ck_3e91dcc209431984,0.10938777705657142
ck_126a82e8d42e5ce6,0.0041435571060629605
ck_38e4a74ab256e2eb,0.00973731350286358
ck_1225a97fc413a419,0.03761669263009673
ck_9b5ec0f78e160e65,0.0016960064458595955
ck_7c5529bcc079600b,0.028482990964540062
ck_29640fc2fe81c251,0.20053044160474168
ck_160e9ba0a3f7c1fd,0.0015679166764790966
ck_bff090cb4ab76b9f,0.005348143823854276
ck_aa06ed358e43db69,0.021368558392637543
ck_7264486eb512d84a,0.0032688254110623933
ck_f5a32e6160b28379,0.007673355696661765
ck_4ba8bec14c2217e1,0.012008062472217924
ck_610815786d729d2f,0.0036820077363337008
ck_e267999226b6321b,0.0016630229311841481
ck_f3996a3c8eea1ea0,0.008529760440210334
ck_e9b75ed7567a3f23,0.02404140026932976
ck_d21612d48bb4f7b8,0.009117561977662449
ck_1f871df76c6a995b,0.10161273779150605
ck_953bd5de48ccd70f,0.8067635787174301
ck_02a9104419a6dbaf,0.015034681952043273
ck_1eeeee651e05d535,0.06547002553886536
ck_e2ab04136a442a98,0.0035633216448149718
ck_f0d806624ef3d359,0.0057384426866395055
ck_4b68b38c1b3326a3,0.004121933488546147
ck_74e60495f8861156,0.006935085663295728
ck_398f3f4cf05c721b,0.0032034245255219826
ck_f761b7650a0c1a85,0.018345298789387173
ck_7dadef33f5e2d94f,0.9861056006881839
ck_6ff6883633b8c7ba,0.0009739601742249198
ck_4d2159603045109e,0.007069345329128177
ck_a38bd07a5fac5c9a,0.0023888190519184256
ck_f517f06551e69507,0.0017257633722386795
ck_a7ea00a1760ad561,0.986293810650259
ck_31fc51d5a3dfe16a,0.005550803182623241
ck_bac5233623b25ca4,0.011567026549675953
ck_385188ab27784fe3,0.02257630753501572
ck_9947a323bab5cacd,0.04737198249344855
ck_7973edc9f22ee7b6,0.009556199577193416
ck_f97c477986043755,0.0016621644406120814
ck_1a3fd2cc4b4de196,0.0263983724425657
ck_e18ac29ea62cb435,0.018579920680910012
ck_9720a472a3e0140c,0.0040158052930487015
ck_668c7fc7d7e47c0e,0.012891438138675167
ck_214af0806470ef48,0.007706618496981347
ck_a46c1773f01f0be7,0.036250913163898946
ck_f2bdcfb4203ffdee,0.008601622730945628
ck_40e84e6ffe788a4c,0.01264651553825507
ck_dfc6f5712d8d6678,0.06090772727487834
ck_01ef1036b2e66a4b,0.004686107237448848
ck_3acfec10eec32f9c,0.004878314221265899
ck_084a85145c15ed77,0.011003537260234359
ck_fcdb4fe2f095fba1,0.018025222851599455
ck_023908db0a193076,0.07333578172650466
ck_fec0ff92fd622253,0.008922277633343018
ck_c009c97d5fafbced,0.12431053965420051
ck_eb9f0c06ee017ee5,0.012899094308211437
ck_d7792b429620fc24,0.008768774177048525
ck_5e9e149a3b69c726,0.03369892060482236
ck_ce927322ef8f651c,0.0073657218401655304
ck_b8fd61a8e82bce32,0.9599812944548725
ck_9aafc33fba1474cb,0.0034885792544132937
ck_ce81ff9b8b35562f,0.009703364467213217
ck_25bfca1d8eaa152d,0.0072273232347337
ck_170c65860e2a7e23,0.007815297371877791
ck_952da7ca9f33decb,0.006868545138765605
ck_1ebd574406235957,0.0069052537782113375
ck_589109a188adc2c1,0.0036576385092008524
ck_f0cbd5383bb07778,0.02214979134533109
ck_242521e261148fba,0.0022060658261546682
ck_509cece86a558de4,0.005756187429665378
ck_0dd7c5925d28755c,0.003226253561428321
ck_a7e669cf1c3985aa,0.009086419463706303
ck_acb84dc2351eeb76,0.0011736787775877627
ck_b837c7dac2a9b931,0.007248232857068993
ck_18eb1f9181f95df4,0.0015647002945069093
ck_b0b9047dddb1ec84,0.7239059798719243
ck_43aa136bdb0a2832,0.8354264228183936
ck_3e47f8c56c811700,0.004119704969452247
ck_77c587d24695ea15,0.024168325119790442
ck_20578ac693ea4e93,0.034281180702318774
ck_b9f6040eebd1605f,0.021391673165074888
ck_ca9d86f65cfdf018,0.0060758239743847
ck_a4fa8833995c716a,0.0017059125614784028
ck_f589f1e29301b5fd,0.011553061725189504
ck_961ddb8ff55d868e,0.0017867808822960962
ck_5662492a54e6688b,0.01677116925623946
ck_ad48826c1c26eb78,0.935567541447379
ck_621c9ddde6bf2eca,0.011051259230736464
ck_417a3500b2c717b3,0.018418750297719562
ck_c7e129058beb3ac1,0.01824383886325028
ck_ec1c902b9b9b9c5f,0.10892731353856944
ck_317360ec0a67d27e,0.19157586099454965
ck_3e3ea5d8c4a229dc,0.02668755474543888
ck_d11d27de7bf0b973,0.6134723145597584
ck_d37d56e931105db0,0.0036834627098291084
ck_4863077723cd6ce1,0.0019990124068630035
ck_479a065d5903e9c3,0.0018883613661459758
ck_e66ae4fd586fedea,0.003946837634252283
ck_192bbfd0d5720134,0.0018109529598917976
ck_3b436cb29af99f3d,0.00805354580373794
ck_7c7ca54969eed187,0.03496029460261233
ck_826ee896c9f1144d,0.8789127700215376
ck_ba1f6dd43fc8a0b1,0.008532659869583624
ck_49685deb63e4e8f8,0.0048283603749629
ck_687ab5d5554bfa79,0.009022596955791643
ck_41346ccd9242cc8f,0.0015667006061873782
ck_8f8e5e2b9dfec3d1,0.15475881949058615
ck_94d5ce61a0c50465,0.006367140799209667
ck_6b954c75aad8c012,0.008317523724984016
ck_748af92828c9d288,0.0026648480844492033
ck_dddd14091ce812c2,0.0064701263172620704
ck_723323f6870fab59,0.008583357328347753
ck_dbdf8d0708cc6718,0.007536173203934948
ck_f04938570a154de3,0.002485721626975704
ck_58afa1550b3b5294,0.00852699649268074
ck_3b150afde386ecff,0.0273859228576931
ck_666b95e75d99ec4e,0.9128261354775759
ck_e00332597cf1eb24,0.036026559879246176
ck_9a9e3dac79280d7f,0.021819384244184382
ck_e8d37262e859d9a1,0.03178074347466781
ck_895bb39d24bc1c4c,0.007420180390804225
ck_b367449195e36499,0.011819760706250827
ck_d23f9a50d1135ce1,0.05064986156655116
ck_670dc4910cf476c2,0.0017551115143289485
ck_3ecd8a5ce65e21ca,0.004246252449096152
ck_8584fea2df4c6317,0.023106437219757997
ck_0789ff4562202b20,0.007981750426673952
ck_749e0e50c3907be8,0.002423001465485085
ck_c3ff6790cc6d7e34,0.005166062046147894
ck_75fb7e56432ee4b2,0.001547988508894584
ck_529fc3170fd11abd,0.02088124004270291
ck_34a69b3b4a681796,0.22976777191332068
ck_255f0e5888ae9e23,0.016103888864495552
ck_65be698386474170,0.0019929212120923454
ck_5eec9ed855c26000,0.004941961541474609
ck_5ab39bdc9610f6f3,0.3246583567072843
ck_1b5b75762f033462,0.005759669034442892
ck_d3e208671cf37f91,0.9624725317104981
ck_5068ee554ceff971,0.025896665459400402
ck_d7d50fb57fcb2d0e,0.005992745155685744
ck_ba6e1115fceaa067,0.016624209528001886
ck_d07bfb16a4a7dac0,0.9245327726729663
ck_ead68310311690c8,0.860162500761122
ck_ee53ce862bc9c111,0.021249935967372926
ck_97e56e6037024dff,0.0023143041452980137
ck_80b04344c98ec072,0.0172293616826155
ck_5954f45a2ab45f43,0.028311025472269304
ck_18ddf7e836256e3b,0.0069512248225655476
ck_89a1a780144d808b,0.011231496041693576
ck_a7331e8b808c39aa,0.05966712423217655
ck_a1fd0ad03ff9b776,0.01952196121782295
ck_c0cf50eef030b401,0.0013619154853376438
ck_074f20921189e7d6,0.005989206911605238
ck_e2aa7be60794593d,0.043405700380605275
ck_72771757dfb7f7a8,0.01933809441835865
ck_a9cd84a6dddfe584,0.014990536625651335
ck_142c00f9f8557504,0.01070917134775804
ck_221b5d40358230f4,0.022049017498055788
ck_a2d7a563f520b7ea,0.0026869503875532543
ck_66cd34bc568d95e0,0.037422311945538404
ck_a17128972d3e507d,0.017290370884592277
ck_bda299466bb2136e,0.008653159844922305
ck_2b699066665abe8a,0.015110961322538205
ck_0ac9848bd4ba0c14,0.0017998607925867657
ck_98d2f9a6ba3a3077,0.9065692366787081
ck_a872df31b28a5f7f,0.14220678695974337
ck_7e73e1d44ce82ed9,0.008850580927373248
ck_1a415416f620d49d,0.0018743030134288662
ck_c95c786d2f8b8edc,0.005308515370385632
ck_e45012f22b7f91d5,0.0023858419926832074
ck_aa0b083e2a6813eb,0.08575341504772017
ck_4666232ddbf77756,0.002395605747000922
ck_e08e9c8ec5f23d8b,0.010800322669495944
ck_31d4c0518e5f52c6,0.0061943568089148915
ck_c1ab40638f04cb02,0.007962707794980685
ck_4c1fdd1669c7cf51,0.0014115895506031685
ck_11662cc7940ffc82,0.03912397505139986
ck_2e679af24adedac8,0.0033565369455175564
ck_454b9e21b7f25a4c,0.0024512833189309666
ck_355c4f29089731e8,0.8782517845350093
ck_507e40760a24d2d5,0.018709504951302722
ck_0943e0f305078e34,0.9847384031604386
ck_abc54ed7111e9ed1,0.002234901173818507
ck_a60fe02fc04407a9,0.011553977338816784
ck_244b897bb4d57c1f,0.004860338482179486
ck_8c84fcde93a04334,0.6963871235650599
ck_9eea37d2de633b27,0.0018737832931725617
ck_b2cb9e6610eca967,0.032362323225642045
ck_09aadb4c41b166f1,0.021313603717823006
ck_8d94fbb4828ef326,0.002488157703329482
ck_089e3a07abbe3b8f,0.005167655808438532
ck_dfee9de05e3971cf,0.004744840494450926
ck_6abf8302ce052451,0.031980810599541824
ck_6ffa90143838a4a2,0.0015817961228598097
ck_325caeab5c7a9c3a,0.002197380120712818
ck_1964ee9db929a173,0.8902219966969502
ck_942b95988a6245a6,0.04901865810154111
ck_913ecdeeb8e21a9c,0.005624547190393656
ck_ecf9794349eb4b3b,0.04283700268978302
ck_b6cb8d6ae828eed1,0.013945569490811488
ck_2f82ea66c4f53b33,0.04428241197273246
ck_6e676daa4855b58f,0.10027472245230065
ck_2a37fef48b44e9c8,0.012189032317176244
ck_3bd12d468fdc2450,0.016994986350956465
ck_1a28b6a40a6bd3b4,0.08201778178713477
ck_61b79dec96d15713,0.0008819181595106787
ck_31d5e3daced93d3c,0.007116734000892186
ck_e6c8611c0cf233d7,0.0011880626761374704
ck_f04761b4a937ac3b,0.0066723025567245525
ck_38c1c75cf055031b,0.011038255749976569
ck_59a561f3df01441a,0.1427418114126836
ck_04e40f556a5062ef,0.00768743242849093
ck_8409716d174635b6,0.001909501949377507
ck_3019afee83342701,0.019297728442122915
ck_b51a58e7f032c9a8,0.009866335568210781
ck_5043e474f848346d,0.030716691966549362
ck_4388abce33ecd01b,0.14420349063952295
ck_c93def7392f0aff5,0.057218400757220296
ck_72e7b1acc19df820,0.0033926890360577553
ck_f253130dc3ca5b3c,0.0016728466364292116
ck_eb264d1b180d4b4c,0.09408032860577135
ck_c2504f5a113433ee,0.0024517876394093137
ck_c16ab1e4dafb4910,0.07075041853266838
ck_4bc42878fa180991,0.020483170027293312
ck_1c771a7c78f6622c,0.02273214646626657
ck_d523f0e50a2747ad,0.0032731089398654197
ck_9060f4e7ab7a1b0c,0.006613504702700495
ck_6b55ec4e87a5e22c,0.823682033035352
ck_55fc62a5f89a7251,0.007106211052453287
ck_bd2545c62f258231,0.03464323454161805
ck_1ccdc69d0bb712b4,0.008673908955722077
ck_710f867a3bd5898c,0.003879501112647794
ck_f91d48c40337d375,0.00459533457191553
ck_f76d929541ed41dd,0.01971075779229914
ck_e26a6659c237b650,0.01747755962382166
ck_184983177b73dea5,0.013387367039248864
ck_6d0d081bfa8a0022,0.020917709562071295
ck_2f6e64f638da0f97,0.0018227013922491174
ck_15b93103ccd38609,0.0043746100863729185
ck_094d10439b7b4eac,0.0037684939200893493
ck_d2ca47180a926ba2,0.023606158020692818
ck_a69ca7b9d70972bb,0.004592493594713648
ck_68914e67343a7d32,0.008855866929831991
ck_8176616132458c0f,0.012945781299504683
ck_eee99af3598311b8,0.03029134346860825
ck_94410eedfca91304,0.02945497238996545
ck_cfb11a0a2325bff5,0.004084958143521025
ck_75217ee144b715f8,0.0183972763110327
ck_d56fc799542299b8,0.003892468812048931
ck_4c352dd3e7c81269,0.015135642486024493
ck_e23e50e02cb3904d,0.10403784036110143
ck_b921af37d500e139,0.0043372190888895
ck_82181b935360dcbc,0.9852973157262254
ck_22a7cf3b99c5e5fd,0.07633090963319468
ck_f67ee7910d532216,0.022470024741411514
ck_5f48762a14a0326f,0.003373591717243886
ck_1757fcb0e6e3f88e,0.06418503890611507
ck_2c2f080ba185016e,0.04211225312072422
ck_4c25570eb72711b8,0.0014831532277709656
ck_a3be871ca22ac416,0.0054623941159598595
ck_ab70961e7c6695b2,0.006922783299082658
ck_a1cdebfc42a52448,0.001818425361605723
ck_f1b80b821a20186d,0.023543323329387977
ck_ae668e4564cd2aa1,0.003569821183102036
ck_0e2bc3a5afa439d8,0.032705598562259686
ck_3dc378f37d0b74b8,0.014513585331816035
ck_9f9555197480d1cd,0.0042388429002180395
ck_bf4e7d48770a4a8b,0.07301353298855329
ck_614ef655f0685060,0.03930912416158777
ck_04d2ea38ee27770f,0.000991819889558251
ck_e03a9d8ac94161d5,0.0017151517990606421
ck_d4007b5b26d9d854,0.0012936357320411079
ck_2dd147ce6d61749f,0.02210091515656584
ck_ff45764ea7d6619f,0.007766702932087366
ck_dbc487cb0a6c18da,0.891700907143012
ck_791d5392bbd80447,0.03323018151367751
ck_b4068439c413b150,0.019715267602748353
ck_85df7b7de9700aba,0.002303457205299293
ck_001e42551cd06e40,0.0027176829476921955
ck_a6c02ae50932cd9d,0.003966749066138136
ck_9fd0be2c018ff5e4,0.004411259354083369
ck_32a495128395fde5,0.0011953825067583658
ck_b6f2a2fd232c141b,0.004503894286271137
ck_28dde633692904b0,0.1899449825604713
ck_a1a93c5f375f6021,0.0013547865929081084
ck_e3982142336782df,0.005798214255428956
ck_a9812ff3c111ea94,0.009514542775072079
ck_f04062216f95fa00,0.019969503206424186
ck_7c560467daca735f,0.0009052225685528649
ck_76ee10d6e2dba70f,0.03529475564034802
ck_3521243bdac61178,0.007325660063538919
ck_28588fb03b320520,0.04895535950928172
ck_580dcec33ec232b8,0.006471194608802573
ck_7109923fd7dab20a,0.005224646532702389
ck_7c872c99481c1e9e,0.007918499324119777
ck_46f4e1f5026f4d1b,0.0007476904724186774
ck_00d1ebc31ec4653c,0.09178610587609087
ck_aac70764dde15168,0.030418545202558798
ck_648c03f9aa4e45f1,0.005692805422826971
ck_5478eb69ef912785,0.2836999670464048
ck_79b8523137bb2603,0.03241838119411416
ck_795c49f312640019,0.0007092040323463803
ck_89184bf7b7fe41cd,0.15255110162246968
ck_97d4bd922996fa10,0.0037272760713401797
ck_1cef30d08f3a598d,0.001463989704028384
ck_2f9fd36a4a40a6a8,0.0015838028296497049
ck_40780fc0f8d6f309,0.01533234104350879
ck_9083ca9fec2a7f4c,0.005626709126182955
ck_62081bc35aa59931,0.0027063717326658533
ck_2e1b46c5fc56b863,0.07665839850101105
ck_3d139692c51b604a,0.04032702349644761
ck_b5e54e22e3d6960a,0.0023837800736258453
ck_c0c4be3f44311b04,0.0076559282316549055
ck_82a8bdd2692c2a5e,0.0013736643234187156
ck_bdd2da300b530c5a,0.0060763097955425895
ck_ee40498cd97183d3,0.001719281709383384
ck_70b9274473bd6dfe,0.0021539141577195634
ck_473d6314ea614b29,0.005493762383359374
ck_7443d6dca8cd1352,0.0028392071434410753
ck_3b49768b448b071e,0.008889205500099856
ck_b43f04431c267dea,0.0012992151847460252
ck_4424a5223ba2fe00,0.008958341078075738
ck_819bf3e8231f4081,0.01035845666663001
ck_91d417507a8c58cb,0.06240245458126605
ck_e88e86b19cada4aa,0.0140750935111568
ck_59684167f9c6bf4c,0.022641165626390715
ck_d5f5b0dc97b9dc27,0.005515520835681748
ck_13d1b192bbff8f32,0.011223600338563067
ck_b21d8630387cabce,0.0007647743668313825
ck_e4ac22046699b99f,0.005933419761201212
ck_74b848064f2ff45d,0.0030064227750288635
ck_166aa980cc87fa77,0.1158644393730446
ck_98e337806104dd88,0.006424310044009525
ck_66eb09be007f0755,0.011305692186199623
ck_3ec9b9d8dd7be11c,0.03812224438020122
ck_8b8b9de339d75d0b,0.02235968846854178
ck_6715139e240007d9,0.004272735917863623
ck_a0255ab46e122d2f,0.0016803277833211787
ck_66e81a4190c33510,0.015727754086228885
ck_5d75ea4f5c9080bc,0.7485189808656195
ck_df69858b8a8b3165,0.001631257340313174
ck_e15252ebd7553422,0.0031816586294590474
ck_34d6d74bb3ed11e5,0.0011183001438103994
ck_c2608f78f6851d10,0.6183976952646417
ck_bb99071e8f58c8a4,0.7515460886263295
ck_06010f0df5b7cef8,0.0064325275593723665
ck_8c582eb0f6c0148c,0.009188139486292867
ck_0034d010d28aea78,0.026181346130445187
ck_01c1f06692566ca1,0.0073303254820300595
ck_4807726e797fb893,0.013222355568713227
ck_edc9668282e3c8cb,0.042210235336675096
ck_5486768475af7bb5,0.938774978330009
ck_3fb9813849e51837,0.007171637230697219
ck_861af5a9a9a6d619,0.0028344294566348444
ck_da39653add0f1109,0.011435944804200548
ck_74a4244eb1f162e4,0.0010176815009923644
ck_9a930faade55b8ea,0.0024872278415849847
ck_fb6e06ca88519dcd,0.005917017364632775
ck_9776cd8263a9f415,0.004565541528827331
ck_b3dd1198ac5aea73,0.015662002698950264
ck_b6675a04df1a4276,0.0024045325972566227
ck_5c7ad6e731b69333,0.7521065924760948
ck_28dc0fdbaec00580,0.04645041272913386
ck_8e7a32f7e3905f4e,0.007402522017913898
ck_8563fed6674afc77,0.008454680289817629
ck_9a2fcccb82da663e,0.00729888847954658
ck_6a519bdac0d94527,0.0018170022754194497
ck_a0dab7aa9c4a39a9,0.0025834469076176925
ck_a3ce05e9e5e32142,0.0261423214329984
ck_7a7e40ee3f97c035,0.027457374298800175
ck_9e9a830785112a73,0.03076216202168758
ck_ab1bb02f6b189304,0.7551018298903783
ck_7b8cb0f90fbdc8c6,0.00498569966878965
ck_b138fc249e659e60,0.010279310971203466
ck_e73caa3771ec5e0f,0.005698206878044428
ck_18a55b06ccccd88b,0.020144703656396368
ck_fdcb1d9265d8fec1,0.07290235161703114
ck_e21a900556b382ad,0.01421517624414879
ck_c6bf67470f526771,0.006799327099420422
ck_b568ba3837afb39a,0.0011730508560738294
ck_a2858979dd5645ef,0.010640791888354565
ck_1da9d40837ebaa57,0.006623011039455287
ck_9341c7959543c542,0.0012222359236747113
ck_c8ad86806b9a2369,0.02318760327167953
ck_5c85d93ecfed4b0e,0.007297319558991543
ck_f07b09879d697b82,0.0012300672476258448
ck_fe43da07608b1749,0.003956293325807637
ck_4bca22b5926b9c28,0.003709464983221597
ck_aba573aa942b1d41,0.00837215779594686
ck_57c14e32fa4683bf,0.0030119890647132535
ck_891530b489ce402b,0.00499287476639429
ck_5e74fdadb93ff293,0.017715342479624085
ck_14436a409ebcc90f,0.006666200897782361
ck_00013fdfa0bd37dd,0.012777575751539863
ck_7dbe24ba01316775,0.016853781160710887
ck_0e3f80c1553c591b,0.013018181482671046
ck_3edc45db58760d76,0.001552114848658751
ck_29076a13f539187a,0.3301543835975938
ck_b1e81b58b9a545ce,0.08388844322562504
ck_3f8571d4f7420b2a,0.023465378306655474
ck_7dff6abe4bd644dd,0.5097598870201769
ck_2884bab237af16b7,0.007205974160293897
ck_231e6dd1fe708000,0.003477508047508515
ck_33ecaa7b892e73df,0.00873709316627188
ck_b109ec4c63503030,0.008151613983559739
ck_a7f522382509cef1,0.002008351831605642
ck_748b3ea941d8b3b9,0.003741958074980636
ck_29f3a1737a2d9634,0.046669731135126055
ck_cee8d42475a0f020,0.003226651388955099
ck_c6b6ebe145a8ffab,0.002047328217751455
ck_21c99e1d6b881894,0.001610518834261748
ck_5ad798286384484e,0.009267928576643204
ck_b621b6ffcc7f4848,0.0010769454309389403
ck_ea819e337233475c,0.17981934045541997
ck_9e3896c2668ce06b,0.012755717992528212
ck_501dcf1ead036d2b,0.0026239465157030487
ck_8d5eda29a2cffa3c,0.0031675471804295313
ck_4d3aa36ff83f1132,0.31334891398671183
ck_8e9faf94e3e6c757,0.0011741547878133835
ck_ce0ec41f96951048,0.030438799218047582
ck_f09165d73ee903b1,0.007792541884079014
ck_a432b1bf1d3b3d5e,0.25529819878454846
ck_ea618f720ff0b4b0,0.002710230213112336
ck_7584e7bd755cb28a,0.007026512441714035
ck_e14681aad43e1a72,0.054895658977532534
ck_5e18870d8e30e379,0.021778766403837573
ck_ff7c26a62bda8089,0.0014286264411991552
ck_cc5a35175d381d5a,0.002153840341054926
ck_3c25029e40aa8a84,0.004750849537888881
ck_771247b5bc16c12a,0.005495767496476768
ck_664b5e02759f985a,0.008995617634706401
ck_692a9e8f504b9762,0.0015209947778707811
ck_df8ad2deb0a4ffed,0.010193905667843135
ck_eb48c0bcd12ea654,0.009404718408929308
ck_7c77e597c951cdad,0.011128109045109896
ck_4f75144c6f3b13ad,0.010877061333769438
ck_1bcff399166d7c43,0.0061168200646793975
ck_975c2aa3d4a8c51a,0.01035820779733886
ck_bc6f07b06aaa4ce3,0.782359843322347
ck_80b072b7f3c7e8e5,0.004696508435231299
ck_471e4018a23b4e56,0.02349111591626414
ck_53cddfba570b4a3b,0.017429427184624372
ck_630530e50764f229,0.009086716007153583
ck_dcef7887a4f1e435,0.00874282829516893
ck_2795921a055643f6,0.007008987000775957
ck_7456df89f3792235,0.0035388852063856636
ck_5014a3b07e1f049f,0.9031987500892024
ck_d4ec44760cbe03f4,0.013076268701950817
ck_96810ad39d4cb7b0,0.008428150436595101
ck_3222ea25aa29bfa6,0.0007561022036567824
ck_f6c42001b84a10cb,0.044304685899517124
ck_5ac86682385c86b8,0.012677617157500175
ck_4280c33af57eb4f4,0.0012365169601799902
ck_05f79ddd8eefaa56,0.01128250407615286
ck_3a57a13ce032a6fe,0.006078653236725734
ck_a721f0d635fad68a,0.003489642937686202
ck_a3f821bdf408c326,0.00590607354402304
ck_0ada63008be5685a,0.014599877379551929
ck_8c949bdc6e8720fa,0.024137036238857237
ck_c0d2c56f9c722e99,0.9893168004520488
ck_5d2b9e6e087b8dfc,0.993768802841444
ck_5217b55593a332ca,0.028889439697874497
ck_7a7bb9be5a7e48ad,0.011677983889906958
ck_24cd0d779e866287,0.002294037865773978
ck_7367917891a63771,0.020424965369445835
ck_4b31a8862a857e6e,0.8326261813921956
ck_81429c4910ca46cd,0.0013413490545766836
ck_b35d803568f82d9a,0.010379881792531737
ck_4b00e75c2d2d0522,0.0021899603886549497
ck_77fced07f6dff42b,0.0069305768182140876
ck_3c9a06eb07c300e4,0.002261008005752593
ck_b3867f7f494db64c,0.007058733670589783
ck_0c45e54897ab34e2,0.014421734626301011
ck_507a6a580ab55c76,0.0031889101876672174
ck_291bffc7809f896a,0.011056368532413317
ck_3753cc5b9d02e2fd,0.0025411963709361415
ck_4f63d5245b3ac1dd,0.00822098618449175
ck_9dfb2ae78659240a,0.017649975151170373
ck_90f6f5ced708aa75,0.001426369532611528
ck_8b5b5a6b5539e39b,0.9271309772047531
ck_4719112b55d20161,0.005927992533052283
ck_fec888a7108ca52d,0.975121743826262
ck_4f5d022c99f118b7,0.01399561719532754
ck_e967ff05514b697b,0.017209598383608707
ck_839ce35819bfa4fc,0.0019569894543956146
ck_bdee1221b9addff8,0.0033646885187455493
ck_9cde4036d0914427,0.014454014660599857
ck_5ac959cbcc5e98f3,0.0016326447641956442
ck_619842688294dabc,0.014503265594096046
ck_7373d7b04c7799bd,0.010115288516881982
ck_c1dd3feb9a0b6471,0.015393363964576523
ck_0324a4812ec319c6,0.0038231902667219017
ck_7f3685aa2933b251,0.051590866602717105
ck_06aee5a62a67a84c,0.12032515727541379
ck_3428910b44b9d08f,0.028297901948618094
ck_c3ba7534cefc1de8,0.0038283163852160327
ck_1f1273a67cbad5e5,0.5708753483282895
ck_124565a11b2f8bb8,0.007294161462707879
ck_38e46bc861e0165b,0.01876377059798626
ck_c8ad3f01319c065e,0.02936163566898382
ck_3f94a34f5038f7c1,0.8963295541133173
ck_cee56be5a502fbd1,0.10830873254414125
ck_2b90b76cf4d162f9,0.003428859327393192
ck_884b2e463ff1d54f,0.008704352639989052
ck_fab4f2f8531b4827,0.01641185958623952
ck_4fc6256e0e60a926,0.004457763298611741
ck_0a2f8b2f8a5b6f02,0.0035004227086451586
ck_9c0deab8a8367c5e,0.0007834790825941866
ck_d3a2a4c011fa2554,0.004016265642083472
ck_4108b4038f762817,0.3555805151621553
ck_4df036e2aa7e1056,0.009897868125815015
ck_ec094eb1cbb3efc5,0.0024699613272302114
ck_09f8f51bfd2492c6,0.013205343172629651
ck_b60fb9a10d6f4489,0.02095295789219205
ck_3638bc3388dbc1bc,0.08211460240962563
ck_7a58e0cc9943c39a,0.007020975946727786
ck_37dab6a0a536ed49,0.021945053431586464
ck_adc576690df5b33b,0.026494967455384957
ck_1383b2b1875000f2,0.008115870313159832
ck_43c1248db37a2eb0,0.0038753788181270974
ck_29c11bd68858e923,0.0015737770924622698
ck_9401f9e11f65337d,0.01696409620198691
ck_ce5ed372b1a2ed6b,0.1896894551763104
ck_08b4619490e751a8,0.8752416352814119
ck_44b9125526acb05d,0.014981288772931233
ck_ef1a1de20d2124cb,0.02183499632792873
ck_e5e2624b7fc89774,0.021423411076946917
ck_f5100511609b92c0,0.000986662590868305
ck_64f3bb17101b7c42,0.005980169953641947
ck_ea1e5b5128ecba2c,0.007249858320732488
ck_516163fcf04d5e77,0.03746947593128026
ck_7f9a748110d70005,0.00433241613961943
ck_d263b55f0a681cce,0.018145597627624247
ck_0e962eacf98a813e,0.0022233074071498523
ck_0406931800e0e2e6,0.006060550366944456
ck_0e9b982afc88a3a9,0.9863109338300089
ck_8bbb625384edebd7,0.004075357246779302
ck_5eaeb87bf6207406,0.9682951492994805
ck_cc3318839c4b0745,0.00674593262549135
ck_08a0355d1f1890ef,0.006739722377334521
ck_af7ffd1a822460d3,0.12120895597523487
ck_2a09c7aa870edb6b,0.0023225866859355264
ck_bc04f51c23290bcc,0.021148246075745603
ck_d3a8333cb389f4c6,0.010538609960181616
ck_88e3dd3039508332,0.020008375902333696
ck_b8c7771de9b57705,0.002730040395039796
ck_585ababa02383b50,0.0048876770790753634
ck_e988c108754cee9c,0.004669413129149597
ck_4a691892d9d6cf89,0.012129193191367295
ck_7cdce37d895eefb8,0.007227157802238022
ck_483fb981a1fb4317,0.005694039813177263
ck_c1e5182bd99e0e35,0.6752663775337412
ck_9a1e3ec9a1839939,0.006050986970525723
ck_5c3f13de0dbd5086,0.046288720614019195
ck_f4f6f0caaab70040,0.0022650399017295503
ck_791be3378dd7d64c,0.006089662067569451
ck_956dd784525f5886,0.0075993003702370075
ck_098167eaf124c279,0.009892550476536695
ck_33ecff7914349ebc,0.010614042886437856
ck_e05d44e46c7174e6,0.009125380715447141
ck_1b2ce474fa6582b4,0.03541731019843568
ck_ab581082e8f72e3d,0.003079220012923494
ck_e63256667aa19070,0.01439841722659062
ck_f568772b6cb3febe,0.014415580827658685
ck_dd89a282375bbab6,0.04738634919622331
ck_a39d0bca345b492d,0.0036970107456659393
ck_d12d2924d0f7a64a,0.0037313858399336784
ck_6a548da1728b5823,0.9804539951442562
ck_6d64193681d2a94f,0.02571663206615473
ck_ced6b6dcdc7c201a,0.009681789513973051
ck_d1b0699d26282871,0.009286498376170722
ck_58f757e40a9b8877,0.008534599640494368
ck_3272c2c4a37d5220,0.90653702717182
ck_d94dfde9e03c9d1a,0.011421397436758912
ck_08a6d4903a7fbaca,0.015872879472165938
ck_6c72a36b05fa0f4c,0.02600246611826841
ck_dbb4bd4eda97255d,0.01659061836735723
ck_94b59bbc824b307a,0.0019033637220920183
ck_0229a07185f15469,0.005961462642676536
ck_11bf1039f8b3025b,0.005014974913211512
ck_36789ca11459131e,0.039014559249204515
ck_8572c5f5c1447c62,0.022655974748871606
ck_9e75c6641939f4fc,0.03631709315558732
ck_b45e47c39d4dc7bf,0.012093628896863587
ck_02903c48b6cfd65d,0.004532940131108065
ck_b153386f1729de81,0.004550173136124478
ck_36979996f33498f7,0.8328638517384781
ck_3c02d4dbbf6716b6,0.005988177499376131
ck_66c9a19963957531,0.1302088779599065
ck_bae8dae7cfd8baba,0.003115309500975837
ck_bba0ccc6cd968680,0.01619926612495807
ck_3267fe3aac05c71e,0.004336744347902233
ck_40052cac10562cde,0.016480046669175557
ck_d973444855403e2a,0.007006539196574211
ck_012519bb095ad36b,0.9755473867960199
ck_ad7c256ea10c4a00,0.0501792221323056
ck_70a60e095e9b706f,0.0038819565728776405
ck_f2734417c0db4ee3,0.0015665258906558915
ck_9cb89cc3178e0172,0.01084528362239439
ck_779cc0f2de4d5488,0.11316308585915996
ck_35f8656bf93e3b3d,0.0057808226866860705
ck_bdd8eba728800e29,0.010166997417090928
ck_002cf760d173f0f8,0.004857564502339836
ck_b046067c6ca3831e,0.0033446879319106206
ck_a4a42d4bff8af645,0.009818315498004559
ck_bce253d2396681a1,0.006304212050937651
ck_00dafc060c8de32a,0.028417382796394806
ck_968a99e097ee78c9,0.05127490092691571
ck_66949171b387bb93,0.019366670690683055
ck_ad305286702b1958,0.0018400903570534083
ck_4732da7e0d2dfc7c,0.006201110835067521
ck_17a95bba77217d85,0.035124803669660726
ck_3e2516a3e35067e0,0.003560104709357585
ck_0b615ed566da1f58,0.018571079714098507
ck_d2b3ce1ebabe9f93,0.008018267183374563
ck_a892252e4e0c2828,0.009901323279359827
ck_cf606fd6ebfdf9bc,0.018001807488849764
ck_718865237134ebe8,0.0018363440398954539
ck_878522cb775b904c,0.012941292972660208
ck_9ed53de6ef779ae0,0.0013743927787942696
ck_3f16e2cd7e6874cc,0.008280831230135673
ck_3c59df37895ead2d,0.0018730646568216095
ck_6821459b626d492c,0.001208007436975628
ck_11c7667920541587,0.0036743355986870005
ck_23a016cf6b98d89c,0.022659212480483682
ck_7137eeb394d200f1,0.030416791812623734
ck_9c4886c5c90ddbdc,0.0019228469681439944
ck_1422a7bf7756294d,0.954904564121242
ck_7ebc5fa7f0d3b8f2,0.008214816147383442
ck_fcc2059a8d5c41fa,0.09263658263012733
ck_00ff7389d6a83e29,0.015203762896508235
ck_03129b41457795d2,0.009847655476872432
ck_38ba64efa7c38250,0.0180053680061962
ck_57a6b56b09bff24e,0.00935933611060073
ck_e3b3c5a80a567418,0.0020679367966223833
ck_fc40a16adfced018,0.005039349789866677
ck_9d4b5e6b43bad4d8,0.0015984368678141133
ck_61129937ee466b49,0.011390920149950084
ck_74112e47b8629c2a,0.04084294100701044
ck_b4703ee97f94d7fb,0.0011624166109265456
ck_e560f720a988d8a2,0.7266311640897677
ck_708fea345f68037e,0.0017841743842046235
ck_25394c1b83e0b803,0.0324041331292933
ck_17ab24fe914ae44b,0.0020176410477348683
ck_16c501470d9bb006,0.002222451698141171
ck_628f449e248c19b7,0.1663879159590977
ck_6d64190623dea714,0.003395099863607063
ck_504a45ee08db72b6,0.004355150801502348
ck_6cbb011e0c70bc7c,0.002680835958930533
ck_b3225a98acd04f83,0.0032652025901395362
ck_aa37993f1c17cd1e,0.009029108398012147
ck_558cfe5f77a55a9d,0.005657884703295015
ck_0d0a1a021efea5b6,0.02051446457359086
ck_daf7aea023b7a8f6,0.049261094894230736
ck_d75f25184ece2b51,0.003878762759776953
ck_466d4b5366c50b98,0.0018128918059701195
ck_88f27ab479063852,0.01950553526659971
ck_66779098e78c1760,0.001103679400369413
ck_b150fe4efb449b05,0.0032167273116465423
ck_9c3aa9f23d01fa1c,0.002634215186230788
ck_6a01c375fc26705a,0.0008629743579700645
ck_002eb6552b504ea1,0.020574145564955973
ck_affa5aa0bff9bb0c,0.027620904899270455
ck_027614eeba8b1a4b,0.003989421797125691
ck_67e075c982add719,0.0051979317287764995
ck_399b0d510be98bd2,0.011015567491311355
ck_e9b0bca7368555ef,0.005671335983882907
ck_59c29d9c57b4f994,0.005549292948900841
ck_37176850ed68831e,0.01809984930355927
ck_a0db4ccca08030c3,0.9129379307599133
ck_aa188e5c25f7f42a,0.013018835128221324
ck_7de6997178207800,0.02001479295530229
ck_c729d19053387be9,0.029157161080799937
ck_f2d3e3d90608596d,0.5287885274525851
ck_2db3fb565e0211ee,0.0016907953075441212
ck_bed8a480e27e911e,0.014963750067321719
ck_d7ad9921a4d25926,0.010658582716003309
ck_2a59f23fc5194699,0.04742385220351391
ck_63601a58a6120d8a,0.014763931926184545
ck_efd7b9e22c6317d6,0.02625318045100228
ck_9ab42875a0f95b43,0.019329828535944067
ck_85cb5033fca7c846,0.015760999863871843
ck_5249b223000915ec,0.01971520887097331
ck_3efb0e9bf25612c7,0.002596550150649412
ck_678e74532ac19700,0.00726115736094475
ck_a980b296c95153f9,0.010759954992373404
ck_01ac687ce0d696a7,0.016497413811765317
ck_52e1418cf1aa9871,0.005214188789239789
ck_7d28da4f1dab09ee,0.39369156701654434
ck_010d0c2e6c1657fd,0.08894747075665536
ck_b524f7a2e752b9d0,0.006946548072236565
ck_cc447fcc24a0772b,0.2692347857975188
ck_2cb3c99845e572da,0.0023065652243987175
ck_604c710141327a81,0.005720191501922268
ck_8d5fa65717d2e0c6,0.01679734032070901
ck_31199510b40602a1,0.0074478264315632784
ck_49e253ea12f4e922,0.007573249718052366
ck_780738e0d71e7e43,0.002209669963229904
ck_2cd21137a07fdd7d,0.0052138374405162925
ck_5e021f2a3b66e256,0.021312225598332166
ck_efbc79246e32c66a,0.013678879738497896
ck_9951bd806c13c7fd,0.05119953474948444
ck_7a52674e2806d8f5,0.015208641888573179
ck_1a319e509f1efa1a,0.0012606514237860392
ck_c920901b9a4ba993,0.8674228862910273
ck_b71279e807d0b3a7,0.010109156343228048
ck_47e1032f490bb018,0.00918346174230041
ck_192579ecdca7ff83,0.007160726167459541
ck_b1496c474c4a3239,0.0013881777579122364
ck_5e68ea2c5e893cf0,0.02403502700643469
ck_f2ecab85d4693b4e,0.026971248437285735
ck_89d7bfc81c3df597,0.01245347641445931
ck_7929284327667791,0.013945408918111834
ck_494ec63c5ce8e150,0.01363909495014295
ck_319b059bb2145586,0.017761683807490856
ck_ccb3767c239018c1,0.00148608826169894
ck_a1c7adfe26e09a8c,0.009065880581148123
ck_0e13c4f73818149b,0.016474047317927856
ck_c285a51ed6214f52,0.009488257897495819
ck_916784595f028226,0.07791474984705017
ck_6cd8e0196365c474,0.01618594356152711
ck_57b657aba4daffde,0.11252313766739033
ck_562c76a3753fc7da,0.5022419722596926
ck_66cfc1ebc9a513c8,0.0033197568311058696
ck_0f38d4aed68d7d24,0.24363112338858414
ck_d8ddf5e99f7859e4,0.012127188292668772
ck_41bc3efa0fca700e,0.021307333761756867
ck_40799e129fcf42c5,0.17997509346059568
ck_786f079389126e44,0.019978016807578252
ck_bb4c6b713eb0b978,0.013108439780816968
ck_4f01f7eac0efaba5,0.015302773039485138
ck_47d29c01b20cf69f,0.008158947195354501
ck_bf15a1f8d67a30d3,0.04124345899508575
ck_bfecad7586f65e4d,0.007497728952238026
ck_fc9f16df35190eb4,0.1501138271816997
ck_c09c914e416edd08,0.004752577666234515
ck_c54c5d8e4433b0f2,0.006147709784925111
ck_1694c28f44480e98,0.004066344980988015
ck_1dcaa3078dbb7571,0.0013223794935569595
ck_af559f990c640e41,0.01879901254382187
ck_9b436162039a77d0,0.012277318261315609
ck_79d62ef181bd0cd8,0.009045931655779542
ck_23caafc2cd34242c,0.003699029701228019
ck_ffe2aa26f597e552,0.011742284147758492
ck_e6ffd0754ac08661,0.001075548890523187
ck_beaacb4a783db21f,0.0026539779323500466
ck_9863bff41d24ce9b,0.006736011795100816
ck_323b9cc5c49f8ea0,0.6409647273507261
ck_ab3de3d3e41c2082,0.004420962578618257
ck_35c93b2924900376,0.014555557960071078
ck_5a9d5f9901e37e31,0.011768435871234504
ck_782b0be796164335,0.019781268364324967
ck_11960b5f1c7a5e2c,0.003192543530900296
ck_9a66cb13a9884cc2,0.006202241800110839
ck_ba666a425930615a,0.0012123234497053545
ck_40140bef4db73741,0.012250042004257736
ck_e05e91cc180063d4,0.04812720787205606
ck_c7f6f45710bc050f,0.0013404109340175259
ck_055fb9f2e1c8c934,0.020065770746084025
ck_58bb02d98e2b9cd5,0.0190263203381111
ck_d9f8efa6a7800f76,0.005805435672231014
ck_69691226c68fd50b,0.06871866532787921
ck_6f2f0396e5b1c538,0.9841636035699143
ck_78bc3f1d0f35ea6c,0.006729563428014376
ck_2d5a6b6636a2596b,0.005773944213524625
ck_7878545739af0a73,0.0012922919931217113
ck_03c4fa4f3ed3512e,0.001573280235115449
ck_1a9e51d092d62c84,0.8556097407662034
ck_9f3861940d8d873c,0.010016142689416956
ck_4684fdd61c6a0fac,0.008155732106659323
ck_715966f86d5c913d,0.002878859213389185
ck_77f293d44b4a3d2e,0.011373332129913958
ck_24dae044dc05f849,0.02793061584353126
ck_00b9818e2064405e,0.02700081971101433
ck_c1c2cb49c3c1b0f5,0.24935706133099403
ck_bed50fc64fbbf8ec,0.005607156369071216
ck_4f6ed5ea5ab7c429,0.0032721288309884
ck_458531c22ec2f9b3,0.00965077106355472
ck_51c50c4c443df31a,0.5557408835829077
ck_732d45bd578dc39d,0.006643515783766717
ck_783fe5bc20cd02db,0.036404392727662604
ck_7f188aaa63d1d442,0.007822468252216863
ck_ef307a6aee38d1fe,0.8007415236560854
ck_e37196b20968b73c,0.02546332789181139
ck_4ef9de711c3d93b1,0.024000862751721273
ck_17946516d5df71d7,0.010935737402786097
ck_3534be0f4efd313c,0.010651947589087026
ck_29fbabf855cabdff,0.003005179021278343
ck_191673540d8486af,0.018730755789043412
ck_5f52728d777ff2c5,0.016094554993121842
ck_a045a19369016818,0.9938075828929083
ck_4eadbe7298b15e96,0.008367223926715944
ck_a3a0bd59729fe619,0.005628957553038321
ck_a1e77090b1c6ccf4,0.004200258398678531
ck_69ab9d4784eb77bd,0.011038565940349226
ck_baa47383ffd50f04,0.004861720137967749
ck_e35b2ed08b9e55a7,0.006197675701647131
ck_b6e3af0a5119d9a0,0.01950631694376877
ck_a7c1dabf3869772f,0.04765789615659347
ck_80b8fca67a14e0be,0.548658896093953
ck_dd9c5f0c42878e67,0.005676443867778113
ck_41ef7967faf5ce82,0.001171730690004235
ck_a93560aa348d6225,0.05280935212456333
ck_ffe91d6f0bd93fc6,0.030303669988884105
ck_fbf630c960194033,0.0037816383718167986
ck_497ed60723283c0b,0.010024594139498522
ck_2a46b7ca55239413,0.030828572029166924
ck_1a4e5ace078dd782,0.011733547522484183
ck_616cc31910f5de50,0.004938307282342962
ck_0d65bc749eb42710,0.01918845114872119
ck_2408db62e4395ccd,0.008704890988230156
ck_5d7721930106dce8,0.008329951324977549
ck_e8a6acea22b20312,0.20896838477359012
ck_e2f792fae128b18e,0.12261880411114034
ck_e6d3ce445b86003f,0.002114726182655978
ck_263334d722ecbc97,0.9039725298388405
ck_8c5b29f6666d4874,0.021193660854940698
ck_7ea0bf310fc20c7b,0.8628403438313542
ck_54d463f7fd89ec3d,0.004477262413911143
ck_79e45040dbdd6447,0.01492050843262835
ck_60b4d59953505682,0.8783248827737685
ck_fb00dd5021642507,0.01186328881766381
ck_f409ff994a210601,0.030697555230729326
ck_2ca0020038bfec58,0.6374173725483514
ck_adf84b9df54c3d80,0.01071665282136611
ck_942dbf632591b65d,0.10232844608213769
ck_454a7e4d859a3409,0.001457321066325308
ck_2139062d4569aa07,0.020041869781221876
ck_e949a0f4df0b3902,0.8357581047247508
ck_bb113e3e6716ed65,0.03699172946026199
ck_6a28ea6ce69cb869,0.16639872998381447
ck_7df9910af2bba21b,0.004287759684573896
ck_78aa4b731cbfe251,0.010901890755262792
ck_5839f5cbd8165b1e,0.01061660761551983
ck_7158ad9e58769ffa,0.08013860872925675
ck_acee218cbe61df69,0.020372713029843635
ck_f8dc8473c2772729,0.06073791261879677
ck_f34c93a8173555b1,0.10419427423852025
ck_7cf301d075e4e709,0.009781629038354339
ck_b87e88ee5512ea17,0.0011301791681223065
ck_bed0c020b10afa3b,0.012381838189566686
ck_ca10102961f99eb4,0.0038816700015852617
ck_393287947b5c8d79,0.0172361102863567
ck_2fe6cac002142f67,0.07025012387205629
ck_79c7f0d29b1db1cd,0.11770867222336161
ck_c735b643d3cbf67b,0.007631998988092797
ck_ea4332c8fe48e2a3,0.0046056878572729495
ck_d39864119cdd460f,0.0024905897325987686
ck_3b963d6be2773861,0.006249687577785444
ck_df39e3b8a9fd0bfd,0.8567931544055802
ck_6236a461dc0d11a3,0.0053229720809821355
ck_475ebccca25e30d1,0.006935919316446985
ck_c10c8bcf5bcd516e,0.10388668727000916
ck_49ccc3716a564256,0.004556558117562877
ck_4e4f99102f6938cf,0.002447541167409426
ck_a97b481ade6f7972,0.016330712823019247
ck_3fa559c679751b3a,0.011234273142625116
ck_3eba1fd2c7acc4c0,0.527163138259342
ck_18c179b4afc4fccc,0.004568283670290003
ck_cc1c0b93d05b7d20,0.06586412546275087
ck_742f7c28ddd019e8,0.011447709955970229
ck_04470bc93b8a0d71,0.0074262142804895825
ck_6e8f8ef7a03cc6bf,0.015264555528699517
ck_eb1ddfc353b4da83,0.003966975578413597
ck_98831b57c7ca2e4f,0.0008677201653868868
ck_a6c7b8d6e8596d4f,0.01450521796857853
ck_cd7d24e3b095e96e,0.04152264202644666
ck_3f5ae4673a9f858e,0.00547176855910767
ck_05f375fc8ae0afb0,0.010926719497043397
ck_1fc98436281ee39e,0.002020136850703807
ck_6c48c58678f64bae,0.001379547971825404
ck_8c95aeec6a4c75b0,0.0021900158487686287
ck_364cde38958b7af3,0.23376953520197058
ck_85bf21aa1a00452f,0.004314153947908063
ck_796d3eaabc667c23,0.991293741858603
ck_ac449ee0c315edde,0.00405545470251239
ck_6f9fd15ac6b163de,0.0016975717643301568
ck_4087065be2a45ad7,0.2602427466058156
ck_ecf006bbc78ee3eb,0.29450112931368383
ck_8ca808cc5a49cb5c,0.005691205105309724
ck_94b90ab8b2dfb50f,0.029412581752338025
ck_59fd11b3232de9dc,0.8971286853846548
ck_67f3794d93e2dd67,0.4250031157337466
ck_b7f5acf5df1bb13e,0.003510485314300665
ck_fb04ecbaebb774bd,0.005144164595619356
ck_68ef3e7301c621b7,0.007156241463264291
ck_41406cfa209b6bda,0.005278811723105885
ck_b0f8f5408662337b,0.002946667860004944
ck_0d2901bfe585c391,0.06587974662510068
ck_3398551e81dbf3db,0.02272728486302071
ck_61c3e3e277629646,0.00911013228123743
ck_2825e34dd3e7ea2a,0.003919139476662999
ck_20d7571ba830009d,0.003008451261826841
ck_c98b16f9a72a6568,0.0008737531559130414
ck_e7c8a9e4641eb9ed,0.0009673145997419881
ck_254a7c97c36dab8d,0.01077209750165441
ck_e98429675b46272b,0.001078012147626057
ck_c2fc0ac460786d02,0.023813557954033424
ck_fba15647b3a140d9,0.0037358923364521086
ck_15ce50f2704227be,0.02936117018382428
ck_8c748aaa4a4554f9,0.006344621731315418
ck_e00e82a9419ff086,0.016065469708154537
ck_832341c98254bd84,0.00894996186812957
ck_27466468d06db4eb,0.031054730483653734
ck_9d7b9e3ff1f3e71e,0.015394414264242949
ck_42c6973d3a6fe983,0.0015109036165549968
ck_877c85bad118bc62,0.00969104754687684
ck_75d2a2715259c4d7,0.012568911508736466
ck_37d3e5c681a2214d,0.12408209760952514
ck_bf285dd49f372de4,0.009179297698796463
ck_a5bdd026fa9c50fd,0.02390675363044836
ck_88d9244a9cf7a77e,0.7408621114007778
ck_5881b174e49b04ee,0.0032999536399943067
ck_5b16d67c5ea89930,0.008967115659047785
ck_b75b936aafac56b9,0.005555243125228407
ck_aed2681e1646a0df,0.04120255647260871
ck_f63cb5e8cc702bad,0.009349116985240637
ck_1805fcfc4a9e4ffa,0.8527952107301325
ck_25c355da356c730d,0.015248819646656267
ck_70396398e4a96449,0.002835092460078901
ck_0f743bd13373748e,0.02600987718759608
ck_4b387765f0e916cd,0.005117003157738087
ck_e971faae8a10a260,0.0023997260628117177
ck_9eb08369e983abfa,0.0014049448543555678
ck_c30c5844512e429f,0.027569090955541335
ck_59e77e3a81f1fa0d,0.01508603432373711
ck_ca4465f2b5c1a52e,0.9904909475569488
ck_c89b9ca398402f1e,0.0027299332130550293
ck_36e72ef9273e7a95,0.006275095273419315
ck_2bdd8616870e5e1c,0.0012865952948022982
ck_216e87a41de22b5d,0.3888726099156782
ck_60f4fb44f5efe3a0,0.0019536817779452387
ck_05652e8ace6ce6cb,0.0026680966662760734
ck_8c136dc691e65695,0.0010805413404649962
ck_a08f8dfadbdca112,0.001671463646226475
ck_bda4041a3e90d860,0.00943682873761218
ck_15dd3ecaa8ce0245,0.9264285633802887
ck_3e3c64b3b7876ce6,0.008277059565341518
ck_46225858a38b2e57,0.0028050377569727217
ck_0cb9f54928f4feee,0.0071015925919920096
ck_152671fbf8a9a78e,0.14802855830363112
ck_ee7a515e87d17d4e,0.007470755520286053
ck_f7276091bf513d22,0.002331024121865842
ck_4f05daf1cf0d5755,0.002721413550263585
ck_83a69c4a5d55ef19,0.014807183348024616
ck_c50fed2a7c9198c0,0.008145594593578715
ck_70d19d5650ddc8f5,0.009510444771464224
ck_4b4d99e443618904,0.009321230301711251
ck_dca0b6ca93311ca2,0.005715852347585186
ck_b7431d4706461ec6,0.010488813332915577
ck_7b59d22cadef3b05,0.4171841140772011
ck_53428573abcd606f,0.011068864554406567
ck_f538ab6aecf2adfd,0.0013669448661108006
ck_d321249fb065d2fa,0.0299154361151597
ck_72fdfc7e6d8e1436,0.001406348242640972
ck_b52b99dad89ecdfb,0.00898546136930677
ck_d2d4282f9d256b3e,0.00237504627910784
ck_c8f2a1dd8a6141a4,0.0015739776379022944
ck_8d38747058d0aeea,0.8783136583056036
ck_3ac528caac74f563,0.018931674596615686
ck_8dbaaa00ad829ca9,0.01812472883194909
ck_7c38ec898f0fc21d,0.0018928269255111003
ck_8171ef803f5ff604,0.013371206717595074
ck_01a750db6fc1168a,0.032989402860781454
ck_ceb017baa26e98c8,0.16802287400269725
ck_e2c66c72cc0b0f78,0.014734536474540696
ck_8d9518f64b222416,0.005442062709606515
ck_804c5a1fa5753617,0.006871070547693975
ck_fca7cc9c42695453,0.0010764350848772577
ck_3a632cdf2c19051b,0.005286993800148929
ck_b2b63ea65edf1dde,0.012092544168616647
ck_27b07021500ee841,0.009232193257250445
ck_9724718fe64c6557,0.9861920308720058
ck_2786cbc3e75ec034,0.40560919643581606
ck_d9c2622cb6df380b,0.003958120818303915
ck_ae1da8ee98e402a4,0.00668527808851893
ck_62967b91504149f9,0.004508507105730159
ck_6b255bf68709109a,0.0074793899796841345
ck_c55afc68421d85e2,0.0036307379078574266
ck_7c7266f6ef2a8466,0.01644766963498576
ck_885cf685a9541190,0.8990841644224482
ck_1a4bb7d3d2ee3227,0.07235021454632155
ck_b4911c42f3bff740,0.0020118310854510472
ck_66f9f78d4c6a3edb,0.010958101702025989
ck_49bdba9ee1899dfe,0.005864542339343219
ck_79b235d51718435d,0.03785096811875222
ck_d840db8cfe2ef6f1,0.002080433797077771
ck_610c7bcc1cd7ecb0,0.008393083786294362
ck_cf49b6544aff6c50,0.25673954147815375
ck_de05f97c3d40dd1b,0.033001504657664146
ck_0302f67d75973dce,0.013066824512352002
ck_54c2604c9ca6256b,0.008136989526122637
ck_a1c88c0568f142d0,0.09097823254980467
ck_5d72ff6cc2963d1a,0.0022450724153566604
ck_0446920a1004c596,0.01275088409893039
ck_71044c29ef071570,0.006839686421471986
ck_2122e9bb1afffef7,0.006141835079242524
ck_d1e3de178601d3c2,0.03138904539937406
ck_bec8324a3587ef04,0.001610208459211708
ck_b616b6f45225f319,0.05985382894811909
ck_ce1e695884511479,0.03108954625785994
ck_a662b4bf900781e4,0.001219382822816466
ck_b5a84c5547378c10,0.002299673079711324
ck_f80af368cfc6cb7e,0.00889121752518163
ck_da3526ab6c5c884a,0.0067247376039375984
ck_bd20be9a3392d79b,0.003482542012462711
ck_b8266dcd90cbfa62,0.001179438640373291
ck_ac84b33304362c06,0.010223710164812067
ck_794d8935a895e33f,0.023848119659590987
ck_8fea7d915259f1be,0.002611685163602399
ck_7a1519ad5ff45312,0.0009397837721402231
ck_9bf3ce30b65f75c7,0.02742299163724179
ck_5f864d72d1eead99,0.026185367951543467
ck_3c48e0cfc2a58041,0.2809968955302047
ck_d902183f80cc81fa,0.006572167096616889
ck_539cb0d117db8cd3,0.08833242162985847
ck_28f530aec8e77130,0.016929480486758648
ck_e7d903c50d353361,0.3390818830930967
ck_d288b77d1e227970,0.008199326122855642
ck_017208fcc01b5d40,0.0034002657750508195
ck_7e3923d278a5106e,0.011536133515907753
ck_9700a00ff9e66216,0.008849391932119323
ck_5c36c78b7a4d138c,0.010841208896850892
ck_c457e9c9224b773d,0.010883859600869242
ck_1dfa91405d7e66bc,0.0017420451210248013
ck_f1d8a2695a575e56,0.0086746062483376
ck_3b92a46daf8d00d2,0.0049113977796512555
ck_aab23b5470469649,0.007180160514546625
ck_ecdd01a391610d99,0.002818284014793426
ck_abd3aa292f8edb4d,0.0377512827699023
ck_7fc9a0776e1339e3,0.004119845080531652
ck_c0389ebeb0e65cb8,0.0024267457060378355
ck_48d0fc4f6a2109fa,0.9833878722220638
ck_571dee4f3336c7ce,0.009691843198499112
ck_4cedf26628c84f26,0.016344456930553194
ck_63356762d24aab81,0.014132034265827802
ck_2c5bc11bb7ae5d2c,0.9383256314722316
ck_6d26a152f900fee8,0.006000893083698929
ck_c972b0e781efed3b,0.0016507788192389333
ck_fa0ecbcf9a33d6ce,0.003020524047489016
ck_fa3a766e49dc77ae,0.0045014387740230895
ck_7baf1e55db0dc558,0.01824818574513049
ck_e8bc49e6494c1f37,0.002079767090910762
ck_8ef1d05cc1e53e7e,0.04684101537289355
ck_cef2a485a77e0723,0.002371104538419076
ck_228a583f23abff48,0.0049589350313542285
ck_ac32c6e374782b27,0.03394689314584774
ck_b9485218cef413f0,0.0029897337402535738
ck_7f15503048915d6f,0.003600415886661386
ck_b62f5144db15ad34,0.0368945845007843
ck_917d82c552f95a23,0.006817130909964854
ck_fb4797045077bc6d,0.0014963001035853544
ck_2cf8a44e041217de,0.019083151561634905
ck_b7dd681eb3d2ee38,0.002370150163941096
ck_e9e8cacd2fa35e79,0.03894834585021017
ck_342a79f91de5d1fa,0.04705581120656142
ck_2c91f62c05685ed7,0.003125848728444868
ck_e30cb64302939f38,0.016022879975728675
ck_d0e95b90ba86da10,0.009378853770947769
ck_1774faf414a5d49d,0.9519451743238503
ck_2401e8ff89e574fd,0.478105639339254
ck_0cd8802264e0a1ef,0.025236219088792748
ck_da84a0dfe947fd3c,0.0053900724589193705
ck_c8affb27ba7fb5db,0.02529510642306057
ck_bc7ece8787ca7200,0.002903731568327974
ck_469a0578d05990c2,0.001432531270992657
ck_eef67f8dea702338,0.017013081104766486
ck_4f490e379e9ded9a,0.0030529287600963018
ck_354379de065a8ff8,0.005781659475513251
ck_5db1cb368bc41ac3,0.008063795842145118
ck_9b1c3742dd6fcb8b,0.027266302317339994
ck_63ce4f44c92d7143,0.018796363913019375
ck_e15e3390f5ed45f3,0.008489938090532627
ck_da645ea91d66aa6f,0.16526101802818097
ck_834ca727df855f07,0.06785491783952491
ck_e1d5ad20c737c745,0.020507551204000274
ck_ff8059ae5fa5f1ee,0.0005279308445115127
ck_8bb9e75393954a1f,0.0018055745540768576
ck_4e1757d1347ab387,0.9922517855909876
ck_af3f74b1d75a5d95,0.037279854739261764
ck_6b1ab0742ff04c3e,0.05381791098908026
ck_f56073911c9f1ab7,0.0013662955193914632
ck_51bd5f69b4fe0b92,0.8271281674317877
ck_fc3d95030b81f416,0.0009651057405793998
ck_cf78169633a1600f,0.0016171376555372508
ck_ad7269eaa65c67f9,0.006399428395246673
ck_cc6d33890d47a6cf,0.0943699809931881
ck_bc8f31f4a2ffa1ae,0.0035150828528259224
ck_720776a46e56dfa8,0.010060976261164372
ck_e2d1f212f259539b,0.007034717326585188
ck_eaf6f7082c3db2bf,0.009777239105730823
ck_773efe58c6278c3c,0.00761118651395243
ck_c4a72c09f2fdacc4,0.005582396422204309
ck_8982888dd6611143,0.0014689519886188303
ck_9d5049e195eda029,0.024172869047855823
ck_de58ef6f9fe2b546,0.0069953224277002546
ck_c0b50c11e4f5adf7,0.026612728524242926
ck_ddaf228487858bb8,0.13755835679436076
ck_eb2323215ff70362,0.045791695442194934
ck_168c96a1a636ea15,0.008306232343906851
ck_9c46711b14d9eebc,0.001782266199016374
ck_de8af660806b97b5,0.00196265800554933
ck_6ab83f45bf16eaa6,0.00163900913844001
ck_bf2228a052815840,0.003764571330604628
ck_3f943f20a9da9bff,0.006563244946871653
ck_3baae40454c00938,0.009118885141688631
ck_bc2e771a1d8d2dee,0.05613853163825742
ck_e55f5ca37f30ce8c,0.010799696422081706
ck_4ad5937bef176d89,0.002192141044508009
ck_126531a9126c17c4,0.00152212628406355
ck_7ec423cb56257516,0.011358332826234135
ck_54748ae0f2daaf10,0.014751254373434637
ck_ff24776280ceeeed,0.007480630532518792
ck_3c3a1a1365741bba,0.0018228140608140054
ck_615277c8a4e2b18b,0.03134924186053965
ck_a96aaef34173aee6,0.7439882584251901
ck_bea56db7f3e930e8,0.0024395382520585457
ck_ca491debd3b32a59,0.018979294962025463
ck_d9ea77f4114a389c,0.001585993364537964
ck_322ffda3332d08a2,0.02482598479525957
ck_c40ffefe4e30b001,0.02358545180150917
ck_3b1d7648d4580bef,0.004291894222450072
ck_23981a3261674131,0.007448545808446414
ck_11667f5b9fac7bc7,0.0011002157126645438
ck_646bb3c7be5f0817,0.022122197351990884
ck_ebd0a45712dcf07a,0.01765779839917333
ck_baf43bf1bd963f9f,0.041718513711043084
ck_e0ca2c819658f6b6,0.9581047051345369
ck_f0d6633d0834fff5,0.03261192538102102
ck_91081be0254878a5,0.003615788251850931
ck_1325000bc7f35b5e,0.0015301744440535147
ck_c624b9063400fa3a,0.046193053114150125
ck_0ad6fa0e23c3bd0a,0.040982361162054004
ck_6ddb55b1f23c6cb1,0.03283513976186527
ck_dce1fb3acd65562f,0.0021154508113517293
ck_a9aa389688ee5aea,0.011522010633800057
ck_5c5284c45d9ad8bf,0.01515827955520759
ck_9ce743dd3e92549c,0.011986413678006529
ck_8342e08cc2f9bcb7,0.003164165993426852
ck_25e551a0a8d2fcc2,0.013084205255748731
ck_d4fd0e438c97e0c7,0.05284262737166115
ck_ac7fe1c344190c50,0.01822913018017523
ck_ddd65711b5651f89,0.001111669462604626
ck_ec7406cb5cbc8f10,0.0041584572615274915
ck_1c65e8d5be3b9c60,0.1894690654915695
ck_38ee42f15a573e81,0.03315138448444794
ck_0e5385c70c6de025,0.004754243203281633
ck_d3137f0f7629040b,0.0037616594505846834
ck_9129c92c12e0c8b4,0.002589608440069303
ck_c86520a00e50a926,0.027886502312898933
ck_87f82b2b5fee757a,0.026899718442449278
ck_643abfbd7548d0c9,0.008052682027890942
ck_be51f4e5e6b85768,0.31670634242700296
ck_132c16312f37810f,0.0023246824136578252
ck_c78c096ca8cb33ac,0.0015872945005197905
ck_2ce5afbc014763b8,0.014622371440588847
ck_50ed8f4e7ae6710f,0.006363469888843601
ck_5a4eb535c9a11993,0.01789092588924267
ck_9b665ef46d785324,0.003987177957162035
ck_e066f71f8b296b7a,0.003123370803816428
ck_560bc6017870ab06,0.003090053500325488
ck_fd78f8a8663646d7,0.01260380577759201
ck_4af5ec61ddbde1a4,0.014953396667816208
ck_c2ed04a9d218410b,0.006796525945585737
ck_2455d43bbdd2bb69,0.010880747494347611
ck_56eed7041add49a1,0.23419575474859788
ck_5f0be7b468a72333,0.0016366366709188688
ck_19660cec756632ca,0.0027058708604511725
ck_fb90408f4892a21f,0.031525821268386635
ck_833a65b86a5d9bda,0.001798714600990515
ck_2ac36e1dff211d38,0.023678844524533633
ck_c00e70606904539a,0.005205588529731229
ck_ba8affe4b9505a95,0.7705770707592764
ck_0c3dd22587b08018,0.06441660597750866
ck_618c4e5cfae99dcd,0.04334006013860631
ck_c9690baddfc4177e,0.0015038292121141343
ck_59fae092fb0c4aa3,0.017773130861468634
ck_e03b7d0fa0b28f4b,0.0015130715637698207
ck_d451d24c780b5884,0.0052220432181482816
ck_e980d325b8dbb8dd,0.0019130764656977409
ck_cff18e2d8c520272,0.0015125193321038168
ck_a0e46b67e986ab56,0.00959253041440412
ck_3a469039a5b9d963,0.004766623172381814
ck_12cbb211ebd2b437,0.025691408408641443
ck_b8cdd6d6dccc4554,0.0011119350360233268
ck_794ba5921cef50c9,0.13380034160869822
ck_2c7667f64edec2b5,0.010118908465451187
ck_7262b4e0c29c942d,0.006194449760644602
ck_5d818522cbfe2a54,0.019718104420490965
ck_de39c1947fb675ee,0.038917697446750193
ck_c021495606b4735e,0.005137258201450402
ck_1fc03ba33edd9e67,0.025499253517307058
ck_a6fe344bbf67f14b,0.008049163649216286
ck_963762210edc5694,0.013270876090308272
ck_d064428b7e7dc409,0.001827196129751516
ck_59be61b53d971611,0.006893461317747981
ck_ec8738ec663cd2eb,0.007003938745002137
ck_59d086fab5998646,0.020003088260944994
ck_bd32dd3b2cbb7888,0.9959755391417111
ck_ce0166addb93bbad,0.001987135693801183
ck_7c0fdfbb447cdc04,0.007900038337395868
ck_cb1bd7635968ed8c,0.22571170105518187
ck_66f94903177f20eb,0.00375687532546007
ck_1d7cd5dcbcdafd7b,0.5908470929925341
ck_5e418a7c04437b4a,0.020789928270451227
ck_631ea1ae91ab333e,0.04459516616270838
ck_0a8029e79a5ae7ce,0.029399945211978296
ck_c4cca8278bdad9b9,0.0017653161555333432
ck_4dec3df58077a257,0.029322442974263306
ck_609c249edd88c565,0.010351484009078798
ck_02e5f9cbbbf2f078,0.010354451062954729
ck_32e486859130458f,0.9296768393909075
ck_21ed2ea6386c5a07,0.001190730011546063
ck_1242aa4496576a99,0.004281797721384404
ck_475ea9aa6d3898b7,0.017561346668255776
ck_fe1b1adae3be70a6,0.6251628508116119
ck_c5414d7a8031d4f5,0.0022829961807104035
ck_ca1f6f01868e978f,0.010888457190143799
ck_5eff0208c74ec714,0.012321634462513803
ck_a315c9619a317609,0.009224721393218468
ck_2b87683c90acb852,0.020456668267707562
ck_7cd9f39c50748ed0,0.004674379467603689
ck_16a06d58d71935bc,0.0395567053013316
ck_d116e0e7c19b878e,0.5211271787961969
ck_931510e384b1d0cb,0.018703057266112193
ck_e7651fb87bb24132,0.00101223563479354
ck_88ef9f85948e1a01,0.003980921989263274
ck_17bf38d51115a8f3,0.0024473719189661977
ck_2659d1d3762a2825,0.0051176502423065364
ck_a7285955e2852686,0.0353241343512767
ck_f2c33d5b65b321db,0.025575380630385575
ck_83e5979334345622,0.028878526440118176
ck_629537d8b4d0f395,0.011634806439219235
ck_72022008a92c9386,0.009951989601324249
ck_2973b8274f0bf69b,0.027981855275685728
ck_565e3418d2f4061c,0.010251338247662594
ck_54bb53b8f8ea32ae,0.9617851711087695
ck_af0a6540ea7a36b2,0.00842301510675426
ck_888651bfc2c8cf70,0.0046078214266792135
ck_1dedcb48ac381a1c,0.08631643783411078
ck_f73273e220296be8,0.007273451984516017
ck_8424bf65223a5a9e,0.003911573895207063
ck_337b930fd149a696,0.007530823206312548
ck_8a4952de8a123ef8,0.017553953483344025
ck_884168153c9c0c81,0.012966548036934894
ck_fdda581aec411010,0.0014378834611751478
ck_2b7cadbc8b180d32,0.8151708457795087
ck_8aa8b9968233a1ab,0.004736783506452641
ck_0af18b3ce015d294,0.0020983449093776294
ck_8dde670a735d1e90,0.05002319232038865
ck_62f46226f244139f,0.0189851469255971
ck_f948e8a8fdd79b4e,0.011562625143898875
ck_fa00aa0f3e859904,0.01085705054862268
ck_fc7935f784a4f249,0.0042024723578009395
ck_e7501307c0698e5b,0.004914610887835616
ck_549ed417f2834cee,0.016532576424800938
ck_fb2a35571ec719d4,0.6276966775419933
ck_25822068c86c856f,0.004007192128400187
ck_8f35d229b62c8f23,0.0055548121740113384
ck_bdcf049c1e7d0c95,0.005301934284352571
ck_0aa9db36eb16422a,0.0016733536629742198
ck_42dcf92e9e016922,0.10652927403244321
ck_42341cf31c08c981,0.004286373606132294
ck_0b20bfc515ba42a2,0.004311446956374877
ck_0ec820b670d48098,0.004384005898564491
ck_1f0bafec397da8e4,0.041562928794205554
ck_82f07504ab59ed33,0.02531014967790612
ck_337b24a474010abb,0.9857029788171965
ck_703703bda38fdcf8,0.008262538743265121
ck_01e7960c63dca3a4,0.8819088353421052
ck_be5bd81e3715cb8f,0.9595827167561694
ck_197f8058cea1fbea,0.0020475613783012088
ck_eb3fb1106f2f1b21,0.028178678987140236
ck_658b4b54be09a4bc,0.9797138533020382
ck_266ce7ccf41ccc50,0.007890385224902763
ck_110608c3b03d4038,0.8463970058589063
ck_1be8cb95d6d9bbf8,0.0010290323106479495
ck_8e16a64a776afa82,0.1442641043638403
ck_34bd190d37eda534,0.02652725436858508
ck_4f521611ae14ae66,0.001785645955380765
ck_d839798f9520363e,0.02798099054405506
ck_d1bbfd246c0ac9d5,0.01902189678796035
ck_f19030e6e85a6776,0.020184325888241886
ck_cdabe60ab59f9d5a,0.00458834650386238
ck_bb84b2b30293f566,0.46711104835265327
ck_427b91925952cb40,0.01247417818186229
ck_1078b1e155b5b640,0.008494060030427946
ck_95fdc264eac72fa0,0.0019903508184255306
ck_e35eb857c61548b2,0.8523250936365497
ck_69bd0b1abea7e1f0,0.16147388912308855
ck_59de511b20c842ba,0.025802428564202333
ck_168e7ea341a36b80,0.001463936551100248
ck_4937cfa6526ea138,0.015047230393481428
ck_bb1a981306b750ac,0.026261262689242244
ck_f42a43e4c3f34ccd,0.0024588234459736813
ck_c7ae1d4b3ab38185,0.0025574552878286517
ck_bd23cf9bba1dd33f,0.012098613830674393
ck_0fd826fad7ec7cd6,0.029015068834534932
ck_f143641bf3dd0414,0.03999917601971215
ck_ad6d48c20a3688a7,0.002188785207670239
ck_7bda5b5b927b2905,0.061355705845252656
ck_a337eb38eefdcc88,0.027711645172988554
ck_403da2a2d800df9f,0.051044681259140204
ck_aa01d5aafde73d0a,0.0018674957432093155
ck_494954023f0eb309,0.014859567348741737
ck_1c6820fc38135ad9,0.010467878547589382
ck_0e0bab173622db9b,0.05777275675559837
ck_547090bf35a3b243,0.004780184659555545
ck_d69455220b21dc9b,0.0037620404797999445
ck_90b4ac695b9c6bf7,0.0024459435551836767
ck_8d2afe17c0082e6a,0.008459653248471801
ck_926b81c0ba528eee,0.09142902117731216
ck_ce36b0c287bd198e,0.040551846278573056
ck_8026e017909aaa6c,0.0013044405253577918
ck_dfba788f35d4c372,0.00331465487326883
ck_f09f9d0e0886e0c6,0.019255444279398456
ck_4ffe0366df388604,0.011238530156387214
ck_75bb521de55644c7,0.02780831144395468
ck_81a960fddf79ecf1,0.9254742148547803
ck_8f43459991ea511f,0.004760868368477854
ck_f878b68d66fbfd4b,0.0012448356370907
ck_e84abfc0c747c9dd,0.9249031209811668
ck_3ad3fd3cceb56b66,0.8635032184591531
ck_7cf562578c7f158a,0.004808318700405083
ck_f81a97d350397306,0.018964670815408553
ck_255d87b7fb40caa5,0.014263255801772656
ck_b3905153b9eee924,0.017747230559965622
ck_2c80a592fb4cd6a3,0.003772647381391517
ck_57deb202d4188a29,0.0055305687442792914
ck_e3cb5f31d8e94448,0.9818139770096509
ck_0db62d5f7f75f80f,0.007466641542273178
ck_ced9163ea85589ea,0.3739761082545623
ck_e16528edc694fb33,0.9582985149606679
ck_78cc5ec4940fec3b,0.006133630515753528
ck_31742076e9a998f8,0.02216122733520238
ck_5ac335f02280271e,0.007799090289223998
ck_7cc2e091806cfa5b,0.015258578991075678
ck_3152c7115257f084,0.005380968789378158
ck_ab1b9d019921bca7,0.0097769594518487
ck_c33a762d98f9b290,0.0018826987801809612
ck_b16a7c51b6f7a6b1,0.01606037180151079
ck_97402a153348e68f,0.002514349040902272
ck_95391029a21caa24,0.026864317841004546
ck_c2015a1200971fe9,0.009973176614034216
ck_ed4427962c68918c,0.9076393340699843
ck_c5e4a17d3efb19a4,0.14552666803568007
ck_8aec3d3dd51517c2,0.0017118772203468953
ck_f5178a658225d8e4,0.0022838109637628038
ck_8594f165e95316d2,0.002848689855699201
ck_f0c4aac04076a6dc,0.0046722896113825995
ck_ac2f7397801036ef,0.010399378393451878
ck_d1ea4bcc407c7d5e,0.005408686144767216
ck_cce8b6657a538fe0,0.009606510433579614
ck_66d0c6d6b67a8d58,0.024124209875762147
ck_1a6b30320835e57e,0.010652033058424795
ck_8cd274cc85aa35d1,0.020156292890029168
ck_ada46085a78280e4,0.01081676054672981
ck_ce1b06623e4a815e,0.0026027518352694876
ck_45e70c8a9686580c,0.06140111625884008
ck_0084d8ab6b1044f3,0.0018604433575097942
ck_a5f7b6fed6df2aba,0.02687249207515985
ck_94940d783e7988e6,0.007757747288530179
ck_00f9ca84d1d8ae7a,0.0017821207957567026
ck_0deb56f3f6452818,0.0018576697774215904
ck_a58e900469dfc3f0,0.00858868291078634
ck_028c41b195280980,0.010192569683770617
ck_7661d7ceaeb19f97,0.021716284060431943
ck_6957905a65c47879,0.004622712427787145
ck_f7c6c26ef3c4ae06,0.01085537122370222
ck_8777beb11aabd66d,0.006952996521228275
ck_7db098a17374bbf8,0.9136790007451373
ck_66aeb00e44486cda,0.5522298631207314
ck_838c52cc1d315ec3,0.0091376985760578
ck_1745847cd4e5dc83,0.01638146248094335
ck_201687857ec8b3cc,0.008442003538249115
ck_81818169208a8cda,0.008479666226110471
ck_3303fd3f64632c7c,0.03493123863269627
ck_edf1096809e83ef8,0.003140197395457649
ck_235ce9603c7dccbf,0.033691178735380994
ck_9df7e153868bca13,0.0021221881096459417
ck_3cfeade2cf270fee,0.028314201395370758
ck_982b0bf2e2b6c4f7,0.0030365783548772832
ck_faeb0da678bb86c0,0.003477024460433065
ck_e86ad2fe815b6ed9,0.019121541753842775
ck_70d69e5d1bb99e85,0.003263988539724467
ck_7e9a8924eab779e6,0.9533127826552253
ck_019d5891103e7da3,0.006442996759671115
ck_14f0484b3817eda5,0.003398795035848626
ck_85de63d278f0fbae,0.0008420709748063369
ck_ae91b4cff57fb3bf,0.005714547126509233
ck_2a6d43b9f883b78e,0.69800439670047
ck_7a4e3d553e8ab5b7,0.24527078203988326
ck_fdf89dc69f700f84,0.035241526137209205
ck_f92e04024bf13558,0.0014871553132902809
ck_4a522ca2dc4831a0,0.0014054844270498402
ck_68ba25dc3385fea1,0.015508739606840637
ck_22128a4f0d033422,0.007152223910723613
ck_5b52ee0a13c71590,0.0027709686598579863
ck_59472d17debedafc,0.007268108966946068
ck_9dde2c63acda3ba3,0.00979021167426309
ck_7510b1023cd08531,0.004382973714525884
ck_071ddaaf2e4e3671,0.005682165908357767
ck_1355db6f4010232a,0.004643223667938524
ck_0a7adc2f27f98510,0.048524380468144813
ck_68250033717cd59e,0.0060895557058530956
ck_7c12de74de30b788,0.5225936042215077
ck_65491367584c730c,0.009466433415345806
ck_e9047964952bee70,0.009833963781912522
ck_5567779d6ba184eb,0.008095461098167528
ck_d6ea026357ec6477,0.005454446302277022
ck_cd7dcc884e283746,0.016281411382358342
ck_0bd77fea8ed75a15,0.011830714387862172
ck_e80883208e8d0453,0.007055142633783483
ck_2ad0ecbacd5acf8e,0.8475141009949341
ck_6c1dbee7e8fdd5c8,0.0853101962946388
ck_ee4d9a7449515908,0.0015464311091958197
ck_636111f7f030496c,0.003167368732197527
ck_2c629c657f73941f,0.010119001844093953
ck_c1c9d3842d758420,0.024219120427713074
ck_e4df7faacdfe8c40,0.008802767665767586
ck_94e8142728e44380,0.11423450161989793
ck_765aaf42c5088545,0.011039905210681962
ck_e0f845159b6e6a4a,0.013886240832784813
ck_5bc07deb82edbad7,0.002117103528998862
ck_713159c5c6a7a4d0,0.9955291131721914
ck_b08afc91d9ca55db,0.012655380654558488
ck_a7bc323ffed2ea97,0.15252645110978838
ck_85ca825f905a34a1,0.007921362446237278
ck_33160c443d4b3f19,0.010112161205355788
ck_832d39c590a3ca75,0.9681712682363117
ck_7d1661a34164406e,0.9721207675274783
ck_c2466fc40fc9d5ed,0.9646491085072496
ck_ed0e776c0926ce67,0.037862348296674675
ck_cdd2ebeec75bfa69,0.6545127683822096
ck_d7877684c7923ec3,0.002027883169573404
ck_7384d4d2406aabf4,0.005978079939255766
ck_b8e5244e650aa81b,0.019390759077197266
ck_25a1ea40b2d59254,0.0010763394500695545
ck_b9e5b318ee4de68d,0.005406740095999838
ck_620d7ae27af83cea,0.0076695790263292644
ck_40b4e264d1a12b83,0.8335633540079829
ck_b694c803b62862b3,0.01851888037025017
ck_cbeca201dbade3e5,0.04098903439355673
ck_f9b439c9161c3e52,0.0008343329899727307
ck_9880410fcd10a28e,0.0015815963979150618
ck_74928f5f91aa12b2,0.036104316647525475
ck_b6673bbe61d2680d,0.024776526602207312
ck_53c8315b5c30acb4,0.003998229173696493
ck_78f01d78ea79642f,0.010209927706017509
ck_8582490d6e365a63,0.007146718048320696
ck_af25c72d16299258,0.0010528064416860695
ck_7905fe8e257b0449,0.1685212385581364
ck_0d16d9349e4a9e08,0.018057189132726807
ck_31b16b8848584e98,0.023325485251856477
ck_67207e3eecc02d76,0.02052303505270764
ck_e6b95ff91116a592,0.012012549295762473
ck_c08f622bcd6de6e7,0.06471704343637154
ck_f9a68da9e0f0bc85,0.003305500998128614
ck_4072b59388976896,0.005322515999479708
ck_8ec86e853ad52828,0.06896033780344543
ck_4fecb87eaffd5cb5,0.004296228183701995
ck_d6880578428b965e,0.07623072320398021
ck_bfc82b3c1c9f2897,0.8673353748874257
ck_c340644176ca03e7,0.005691168242926131
ck_321e740066fb05c3,0.39848751994968135
ck_8929d2eb09872052,0.2538774419792849
ck_205c107cec528414,0.8431791591189453
ck_e76db7d2562f9836,0.005702588566132427
ck_9ede51c8434cff6e,0.018234770575201557
ck_492e4b89c61b7b6c,0.015224075422083231
ck_9385f5a1eeebefcd,0.032687300861385646
ck_ee52c7bf88f952ab,0.007182987290360613
ck_d8116c34302021d7,0.002597106580969704
ck_01645ea51972e99a,0.033864753765411676
ck_7b45ed23304a854b,0.006108345263241166
ck_2096d32f3d497ea1,0.09107026898073935
ck_dfbb2056f1ef7d3b,0.005083551419860584
ck_938ce30c864bc7df,0.0022709377785517667
ck_ff30dda2c881a4bd,0.45312764189163285
ck_f88c79186a082beb,0.15257395323228445
ck_08c7bb0f9851cb76,0.11451537839212113
ck_2675e7a008e584a7,0.042361386498927185
ck_cbaf8a954281d4e3,0.9423346553037941
ck_8b24eadf6c72b30c,0.5419225458223204
ck_ffc8e3c1377d0706,0.004530356650793457
ck_5b59e859bed5b40e,0.024943583189123094
ck_7b61717f172f9317,0.8578544358078315
ck_e5c30947b732f661,0.026746175780423643
ck_bc273f3ce79f7e1a,0.003419914388512149
ck_f69e93388b3028cb,0.02524901040826604
ck_3837ad850996ba60,0.014304018817484911
ck_36d78ff3bc033ee5,0.01619078109090293
ck_5e20953547ba4135,0.36436301734896526
ck_258d661e450ac870,0.0032888430282724717
ck_1df66f537496ca59,0.09402460627354706
ck_361f535599110201,0.005701263545833921
ck_337e98c69f6e7886,0.00889924507194175
ck_d3d5b2717cfc3913,0.023351756628135753
ck_b1dba768dbe7affe,0.023411803784277724
ck_92d782bd9ce0d1e3,0.011056652569146631
ck_26bd0f8898afc8ba,0.0014570309311985239
ck_7916e53daab36745,0.13262584278178854
ck_2caf553b31831a50,0.0052637873892067075
ck_c6200734c7f9b2f9,0.9633396497045513
ck_cdc55623cb16e6a9,0.0030227228064909034
ck_57849e15b61c43b4,0.001783582820832945
ck_b7af9b2ee0eebbc6,0.024391579233542397
ck_00aa5fc3b3bc66aa,0.11193753068826605
ck_9929723f65636c7f,0.9925825096973678
ck_8f6cce9f69912983,0.008928163303967944
ck_c422ba389ff00781,0.002337987407871691
ck_9ec7f334604a228f,0.009088183175871825
ck_5d01200ba3341462,0.01273099867868587
ck_2bf10be403849c9a,0.00721420566639926
ck_6ca018259f70858f,0.00582621853441265
ck_a54dc042ebb7c766,0.14095673560862795
ck_79da63fc100830b5,0.022125065404733003
ck_67ab6f9e05c85085,0.014925547804897884
ck_fa80da579ea9afc0,0.00788316737629541
ck_4339f86c87289222,0.8678861094506258
ck_a2299b4f530be0d6,0.227370117497662
ck_19db0bf788697c2b,0.005179344511184186
ck_fa4211c4d826d830,0.0013873603743536325
ck_96100d5e8e051e91,0.00386430508507128
ck_5c3a671883d58b3f,0.0009485382444645099
ck_2d9524787cfe1ab3,0.8761265597977005
ck_47ab8e51e5b3a2d8,0.002099986635322389
ck_c924f36bc1bbbaa3,0.00838664813036558
ck_5c58e7f8fd55e26c,0.0030844210347864037
ck_a07e7409d6d5aa06,0.007857802137560932
ck_c8413898f5f7cb7d,0.014053002671316806
ck_577c816b41cab002,0.9707661832916687
ck_9f7807ed64cdb728,0.019226943996345284
ck_495d814d6d6d521e,0.005700993300305744
ck_7aa8bc018c2b003b,0.0016456634481876377
ck_7c3a6a82f3c3241d,0.005218094608390889
ck_487f7fbc290e4ae2,0.004186216319008423
ck_e556c4d36aadbe03,0.0016728827645752591
ck_7e6569a1b2455cb0,0.001235282001591381
ck_de2924955926d046,0.020581280326743886
ck_73d60b4630e3937a,0.0018265389041832575
ck_805ee564bd35ef15,0.0043424103895294535
ck_0d40961e47797027,0.0018823019206637916
ck_f06d00a4f9c87d80,0.0016306290934518292
ck_5ef50fb07b6737d5,0.015581990732642189
ck_16541fc15683e21c,0.013208300464015254
ck_09fd43f1b7e2eca2,0.002044397370576381
ck_2a2c336a69b8d68d,0.011609972687520292
ck_2685f38930866af0,0.02069248983452553
ck_298278a9da874437,0.004882242963588666
ck_00bd7803f2530c68,0.016946490971389973
ck_c2b4a1d8c0b6c1cd,0.0030509793776218727
ck_2acb54ca20c3af6c,0.009550388884339433
ck_e3d4b6f681c783ab,0.017763076086709934
ck_f90293f1eba5d7b6,0.023561222407494482
ck_e69d27e8965df0be,0.004974316504207577
ck_b7f5d10b427346ad,0.003444023416999232
ck_1ce20e4223a936b1,0.007495862789654135
ck_6b97d1ab90f6bdeb,0.020069286823929604
ck_e30e17db5473c7b2,0.0369330306525565
ck_154c8efb19dee665,0.0046325536294043596
ck_6f5bb0c930644cae,0.9909820921160047
ck_9e17699baa83d173,0.0017909928983530143
ck_9693b1eb70880205,0.00788165938071499
ck_1e97899875bb427b,0.010112959973989557
ck_558a82590f65df69,0.0005513717952931696
ck_18df83242ff3cdbb,0.652290462764684
ck_80ad4396e1084c68,0.023246344294292964
ck_0a993bc947bab61f,0.21154866509718484
ck_5c2d43ff841632f9,0.005420047091974628
ck_6e4b99fb9725d9fa,0.011922097867084981
ck_e0983999ca26c19e,0.05184413915238814
ck_6573c4947cc8607e,0.026790260277689906
ck_d879d645d6e44207,0.006105497894269224
ck_1375ad9f10688e4a,0.0027623079917716144
ck_7501ebbf4e21f160,0.006605401501637584
ck_ca60d61cd4dc3bea,0.0020964535701572745
ck_ab9ea095a5c58b4b,0.01916671168430741
ck_23756522b58df5d8,0.0017020923305868766
ck_90bc176c43d85fd5,0.07610094082161831
ck_908b663b2dda94ad,0.008077989687942455
ck_4df2fb8e4b649e27,0.022844703662903428
ck_5615c6bbdef05291,0.03561494162972136
ck_b62f3e3185251f71,0.0010927082319330023
ck_38d1a22850178f33,0.001713859934814619
ck_5b3ba20c8bb1383b,0.005098599247344839
ck_5576ffc6aaf6f22c,0.0011447167622698046
ck_cf7a022178165e56,0.010894191492171619
ck_f2c7a4c50e2ede96,0.016643846585316507
ck_285719c77eadf915,0.0010966067837403462
ck_f2aa1b677619ab19,0.009218979896412774
ck_3830c58d841e9e69,0.46637569315626687
ck_32eba3510c8eac5e,0.007717033389144788
ck_8955d7b9030d5eb5,0.004739295002385436
ck_6775e387dace7525,0.012406565102636574
ck_0a0cd7f4be606a93,0.03373488861449186
ck_a9f700eee5d638df,0.00343143413921793
ck_3d7db96995745472,0.025402913327497285
ck_aeed557007d52e9c,0.0017615130781845022
ck_79b6a86830156b5a,0.00916807300750618
ck_6a1ff9d69466181c,0.9968191230642086
ck_f11b1565f986f5e3,0.011848052250089428
ck_4819327a78615485,0.005922758311320267
ck_3ed9e081959b2f5c,0.015320293657972694
ck_16af4be191c47d3d,0.0013006128813229001
ck_25122cc0e8b1a662,0.02921624977812105
ck_509c22828d467ba3,0.016306080219327352
ck_31109c899336348d,0.23428859855697698
ck_c51131e53baa59c7,0.0010362817441681796
ck_cf8ecabbc61d3e11,0.0037895191222388144
ck_eb6baff0f85ba936,0.01969632470816035
ck_777669e2243204f2,0.7952755706036709
ck_ac0ea27e692acdc9,0.010055733853480528
ck_4c6ea04ce8ca9e2c,0.004006948886976418
ck_ca54b32fca7e94cd,0.00248188658700939
ck_4dfd8947f540eb24,0.010618451474000899
ck_95aff1fe27fb24bb,0.015591988215739561
ck_c7550723b90e5615,0.005169592958604031
ck_57b3fee69bdf85e8,0.002805583303891001
ck_f823407ace7ff064,0.06716619462844958
ck_a69084a068bcc8aa,0.012261259150926686
ck_c7b17f7b24bef5d7,0.009962219966845681
ck_7c4e588f927c27c8,0.008515360764869879
ck_77fdac602d0c6f95,0.04256038663251269
ck_e963d8525018d072,0.018525325180876413
ck_6e8ebaea8f7bffaf,0.0009332578365999472
ck_aa42976a31cb7770,0.0046707458603563465
ck_22c862a496008c96,0.9912963047018153
ck_527550dd15f38782,0.010617390331741833
ck_b3ab3c210e2c7c19,0.028165976514541953
ck_ed9c56fdb9f45ddc,0.20964924091856452
ck_b53281da70defcfa,0.004266855467210511
ck_03009b721568ee98,0.014228878013103982
ck_3d9afd862b3f4053,0.21001923808649023
ck_ad3c4be96599554a,0.003750769214850752
ck_d1c787c27d50af49,0.025056107720484347
ck_c7a9c7b2eef46a99,0.0023773179084462005
ck_53036d3c6c74446c,0.17551568189603628
ck_1b1efbd9c0964c8d,0.02024109033097379
ck_d66f42a269d5c1ed,0.024109925484904964
ck_fefc49a2b8ad993e,0.006660804118212688
ck_8b3b874249adece9,0.028288898496250516
ck_193d9c87ad3f1dad,0.0011070262667004205
ck_0c6a50d747593b7b,0.011213051466479844
ck_c830f3830875b47a,0.005514922355130948
ck_79e202f06d8dfe42,0.17396440453883133
ck_5c0fe988b8aa7fcb,0.03441698145723257
ck_a8382d8345f21e1e,0.003825828813489674
ck_8cb20053914692d0,0.01663458063877053
ck_1da2f69023ca4c13,0.0013612192671476205
ck_38abb60995114f8f,0.11502224853068649
ck_f5791fd8fd8fd191,0.041589988725570744
ck_a4e6fc391b674335,0.6228499224532837
ck_bd771efb4a7e15d0,0.005630228512826026
ck_38ba4a6b6a292054,0.0675180037504304
ck_f7a07283345a0dce,0.004523674952188107
ck_87dc484baaf5a23a,0.0008734419534072262
ck_c84ef83489badbfd,0.010288698418777949
ck_a397cd64ec5d644b,0.001717664853501536
ck_7977135c2ff61e92,0.004479175440257301
ck_52174855b243a8b0,0.027043499458408293
ck_0f35e930d0614613,0.9847360643615021
ck_b170a7db522a0d6f,0.010247826104414619
ck_7af748a23775bd54,0.03842252357989344
ck_52f641c9ee6fda70,0.004493065428555671
ck_c3719a30414bbb4d,0.036323506267015616
ck_2baf214ad6bc0dbf,0.03528269177228872
ck_8b39d8aacfdd72b4,0.004291390335360065
ck_d39b0152116203be,0.015598659454834074
ck_ed33f8a937f9c7c8,0.006242337546361807
ck_8ef97b55a5fd6ec9,0.003602778675721858
ck_8247f008a14bd1a2,0.0016403120110899067
ck_f0d349d68249d5db,0.001920667870714908
ck_a544e766540861fc,0.06230407135146754
ck_9dfaca4c7c80b10d,0.098627495629267
ck_7e5401c362b2216a,0.0015389198945497567
ck_64ff60c073fdb6db,0.011245526754711741
ck_fc5ea49518e5d637,0.001742112649572204
ck_580f136ced341298,0.0024303648314222977
ck_9cbef9bc95449dca,0.006299862863925658
ck_e475a3b8ba870a7e,0.0027049383495208485
ck_97e94708bcf43563,0.013484445352696238
ck_13f03ec785cbdae1,0.0009401122367647866
ck_152820d8817f478c,0.008434284540061081
ck_d20d4ba60eec9945,0.015320286184175679
ck_5c45968a805132e0,0.01529805716205637
ck_bebea2cf3063fb24,0.004855749050545436
ck_c3c69aefe7ea1d2f,0.009259469584266784
ck_02028b72f26fe855,0.005949850655041168
ck_dfadff70a58a9133,0.0022896789474237205
ck_6482ed4491bedcaf,0.004391211086953258
ck_754cd7b4a5ae3f94,0.015937077475174796
ck_3132857aec8485bc,0.0014834627152505637
ck_7ce4ca91b8f9f1c1,0.004486400311791247
ck_41938582f4351772,0.006084252467604113
ck_f87d66946252476c,0.05109486909559868
ck_8053f1879a9b4e43,0.009118496894359288
ck_93892e91387f5103,0.0031604128817355505
ck_15254db133b28371,0.04435126877065615
ck_d557b9feb241b3ec,0.002461585520444318
ck_71c3a8e4c12c989f,0.0039267257081027586
ck_80e3041811033443,0.017162701571836744
ck_3380d60067b4634b,0.0019019516915134943
ck_a9c2cdc758df8510,0.03467024204276971
ck_3c0031d7514da17b,0.013254882048286783
ck_18d214b1418be39d,0.0030143168622093893
ck_7ce768407fd48321,0.008236069442441549
ck_7a50abd42298133b,0.009538660167194835
ck_2db10f987d137582,0.043120854550720365
ck_e077d004cd1d80ae,0.00789885626085526
ck_1cb6dc67f9a321b5,0.013718191134345288
ck_b864f64101149c35,0.8305684262589481
ck_9bedf54df9418e4a,0.004243246488720203
ck_c47e32c47f0e6578,0.1479374970421812
ck_71f382d5e338daa3,0.003070968458048821
ck_14b4bf7be6ac2b61,0.042066393920504846
ck_5c87eea1cc07cc92,0.07186640853411608
ck_5f445182829ef342,0.01929135135356431
ck_a5d7311291caaa54,0.004048355533333906
ck_b7df99aecef385e6,0.019557701402818543
ck_3327a0582407068b,0.011688783698234076
ck_08dba09fd7dab896,0.011542387314444708
ck_f4ec334be5266378,0.0020414695369948953
ck_240f7f894c5a86e7,0.0010749549254758409
ck_a9d994554fc14a02,0.0006308419661980158
ck_13648cbd306eee6d,0.009736543188189308
ck_601edf9105b3c321,0.9841420895289407
ck_9527adac182abe57,0.8708442155067919
ck_4e0e80f5cc271bf7,0.0012599144129608582
ck_96a89e720176b389,0.16089948960121964
ck_63560eec94b76d2f,0.006058593303551712
ck_c9c99e5b19aeced8,0.0017926062812672857
ck_bc32655ee5ed643e,0.007469847766837433
ck_edccb5a93b741744,0.006910188571844126
ck_f786cbc987b70930,0.0018558173155346221
ck_0e8f26536ccc8947,0.01647689063631089
ck_b87ef4b98cfcec4c,0.036327441208674434
ck_1a9235812de4b2c1,0.011568659817795153
ck_d1ed88ea4211ba4d,0.0023885803348920975
ck_a4ddac49657a4450,0.02268198349162848
ck_d9ffca35188e49d8,0.020798487012439845
ck_3db73bbe03c3d240,0.0011216639257149075
ck_fffa0622344a36ab,0.0019110646644692156
ck_148c28df51bba5e9,0.9455390289046284
ck_076cbc25c8f15fc3,0.9660907126000775
ck_e5ca550b39ed45bf,0.7527570025867
ck_8dacf3a2061ca17d,0.007961458224957732
ck_2d7394afd61643d0,0.0024864778386726846
ck_e42206e91f6a1752,0.0019784930379947445
ck_2f4f94827984c426,0.0009630154546127928
ck_edfe8e90e8f4366e,0.00366575250927432
ck_646b15f753e5e9c6,0.07086337079005389
ck_66600620149c8799,0.0018656764128513643
ck_4ff6fc70bccfba96,0.7086700915647718
ck_41af3729590c2484,0.008622069292527202
ck_920a48ba8c583e96,0.001111579191569643
ck_0253b3e7be021306,0.002521895047346719
ck_2ae6949246ea2648,0.007142772141647404
ck_db23a5100f338d72,0.004216497451642069
ck_fcb2a559474c3493,0.007354107853398476
ck_0a4d7acd2a53cbbd,0.0008126938957866333
ck_c5d62b2b7a6f3bac,0.9393009478743275
ck_cf59f4fc0ea690b2,0.010288075774450112
ck_837be8126bb19250,0.0011056058364999541
ck_58955542edee1adc,0.002562103335659071
ck_1b93381d8eea58d1,0.008521595107738762
ck_97b8e05d62abdc14,0.013752010449600952
ck_71a0d645744302a3,0.00470629420443551
ck_a7b57882ab66b111,0.001359129165760937
ck_65f76421be648549,0.0048678904971267214
ck_b53ea8713d32ca7c,0.03131770153868526
ck_991c4c924a1d85ff,0.9358796073315886
ck_8432ccec1a4ec7fd,0.9886997998008666
ck_64c1633297f43788,0.0023856034817956047
ck_4291fd9c1161d8e1,0.019632797424392317
ck_5e98ed6391d9f429,0.020975841645452072
ck_c7baebe4549fdbb4,0.038048314896699825
ck_6e67225ba59fa5ae,0.011918342852527134
ck_719602def4d35fe0,0.01919699131870707
ck_bdee7c86f5ebe81f,0.005978142813558752
ck_8de38f8c7f91961f,0.05887863457492967
ck_b0b5bf9254700402,0.004253749486695243
ck_7b55d9bb1a250d4f,0.03205587329016762
ck_3954b7b0fd1d6614,0.0014718506467158575
ck_f29471fe7c818d6a,0.002751362235135655
ck_9e65a8a2f587691a,0.014313087008536571
ck_eaec5f1a83b66eb0,0.19784817066396881
ck_004fe0daecbe2c1a,0.003175006315467434
ck_d17653a4a2d4a79e,0.01056046374258916
ck_0dd417fcbf19e424,0.025388832111542872
ck_4c99a6eadea143e2,0.06311655975473149
ck_74d602c907ee9119,0.0007298705305938132
ck_1aa87cb62acc0ac6,0.016248319872033457
ck_094974d75e29fb2f,0.07278903866476923
ck_5ef935ac3d4d3332,0.012987475486116513
ck_b26e4ae47c9107ed,0.8646547486866173
ck_396cea6f95186ad2,0.01232765975392982
ck_48446a9e8184c7d4,0.0026180118738607836
ck_31e1ede23247d56b,0.01637723804461739
ck_7afefa349b960a3e,0.006356051781155074
ck_f5e02a3432571b20,0.02059227165927414
ck_64eefec062592c43,0.0277857721238122
ck_a1201284122c141f,0.010303607188840887
ck_1b34c420a4c85a95,0.006534897744361992
ck_d637a011332ba67a,0.003070839987135578
ck_99c0004d8b7079f8,0.003810345920666529
ck_948517bad569b40f,0.022452530700104792
ck_a28d6b1601b472a6,0.020652549829341154
ck_a0b4209feb31f5c0,0.9929490924776945
ck_d6d2c1f6dfc455b6,0.47517540500939875
ck_3f9e6d356d3dd3cf,0.0018246294923232398
ck_d08e00c842b75176,0.003087469407680946
ck_bfdd232a7c5f2660,0.02191462095946682
ck_2cdad03ed069438c,0.035740706414643435
ck_42317c3eabd0a285,0.8052693547023
ck_3eb73e56751c704d,0.02836616979831609
ck_ef33c04f4c9e3758,0.007874080787929831
ck_1dc23dc870f1773d,0.008146025289448773
ck_76091f357974a152,0.007956573347586201
ck_4d9eb75e8eee90fd,0.0158451749522017
ck_578f67e69e5d2cfd,0.022922860126700896
ck_3a8ce1cc724229b8,0.0006066681830131927
ck_a96887f841e80fc1,0.006261027187402177
ck_d2d4a8f4a9f2c33f,0.008736421407255652
ck_11f85bc705dbe036,0.0640394036506734
ck_7429b3f87528e335,0.002566617741529663
ck_26df74feac7ec51d,0.009736407092551897
ck_c78b2638fadd91ab,0.018628645736985812
ck_7eaad325abe3b50c,0.0022430535081905635
ck_fd44e34af620e606,0.01276137269688185
ck_f99738dff854e25f,0.006575707962652821
ck_1ffbce3a239bb264,0.003085394897077704
ck_96c7d52ba0a766ef,0.015247028578772205
ck_cb1c00c300af3f9e,0.006791033924106727
ck_ec3d12848ced99f2,0.005947066900043992
ck_26cfd7c3c6c7bf69,0.020323543876463922
ck_7ae86b5a885affc3,0.015066164134175474
ck_3edaa94d28cd48ea,0.003671693582373671
ck_3209c530c9812e39,0.0027287002415290773
ck_ea62ebfc1f04b49a,0.005754780574659036
ck_5fc90b4668ea81bf,0.013147278389200517
ck_95654593cdebd141,0.001811507469128475
ck_958c0bd61820147f,0.014136083488311524
ck_8440ef1386c07194,0.005834104448429474
ck_8cd1b68dd74b1375,0.15222492464437484
ck_c9eb4df91ff07f2c,0.03490957706037091
ck_c29489366c01fe65,0.9825967128125789
ck_c965fd6bec0f0ecd,0.01955576034262086
ck_84c402b23766e1f2,0.009341696244179765
ck_181f3dae03b87136,0.016407221270066365
ck_022a8ae79eb28cf6,0.9694859068638175
ck_469c17407d17b706,0.016874679163829374
ck_1fcc5843f39148a9,0.003922183478482993
ck_5debd55f361b2ddf,0.0024434717882169618
ck_28cb9b03e89263f1,0.0014152321977847738
ck_f067470743d3c7a2,0.028031195667518306
ck_d5d225ce41a1a762,0.008214427847081778
ck_15b4840922195ffd,0.005721026136268548
ck_6bcfa37c717f19f1,0.030329421885265974
ck_8d501a0386c66be8,0.07339040744781028
ck_1a9d6190c57ea7e2,0.3885805161537011
ck_c49832eabdac5bb7,0.0015545110932074203
ck_b4331140b2e0d4aa,0.0019693185717746518
ck_5efbea1befdefe1b,0.1223492993176792
ck_72ff52c4824072ce,0.03243949716817492
ck_ec3715add8bbb6e9,0.001620637237987745
ck_9822f8ed05335741,0.004406704694707942
ck_c3d7d3d12a1981a3,0.005125548061255653
ck_a115a7919ac5875a,0.010223966122107105
ck_4dd4ed23e0b927b7,0.09262508723336563
ck_4c76efcc1ee6762d,0.014101146316466969
ck_3ad6e7bf452c9b21,0.010137341045859269
ck_dcbab304b55a42c7,0.019766360698611714
ck_24b53090faf722cf,0.006166199792870135
ck_187317383400491d,0.003096253946046458
ck_e07fd57565c94c28,0.03241772070326105
ck_740e760fdcd27835,0.008325468753479906
ck_d3796aebda1cfed5,0.8329630259475773
ck_e541967c681cb929,0.027050025970534203
ck_431118050b834dcb,0.0040755462385241165
ck_90f3655f0c8a0074,0.0022528660578622927
ck_13cd943777651aac,0.02708659820119426
ck_66accecabf3901c0,0.0061990309944907444
ck_937f0da2306b2eb9,0.022367129732996004
ck_105b0c93573fd5b7,0.7617122107475547
ck_00480407160e0743,0.0025391364444507123
ck_e032068be7b77d15,0.014575939945315817
ck_991b7dfd69098320,0.0012970791863332564
ck_37d47cf0f34574a2,0.0015458419545899883
ck_011551a596544f5d,0.0015745964188536264
ck_9acd98f4fe2d474e,0.03399091034161328
ck_7c88d3d377bb61bb,0.012904943705302785
ck_e2374c7136c964fd,0.014973972915363017
ck_2fa8f2577116e9ca,0.02215230596639475
ck_d07c5b0321c685ea,0.06701086192129661
ck_bc736114a31088a7,0.009164454255941515
ck_32bb42f9bff197f8,0.0021942480872970465
ck_66267bbad1f1415f,0.9810233008540337
ck_19988702ccd79201,0.005075545334180015
ck_f473a03fbcdbc4b0,0.0026190061171217794
ck_e3f1d85fa5d49396,0.01059383810548543
ck_c4402ea6291df271,0.03165798553776364
ck_243bd5ca8c4ae5d0,0.017820103968759608
ck_f271e855925e8d6b,0.07600542140657479
ck_e424148c6f2223df,0.0026077661329689185
ck_e4d0a9e1102a58b5,0.01277706397866986
ck_91c2a5fe69b9b1d1,0.006604130752587159
ck_5fd8924732fe403e,0.8159869310036654
ck_9a881d5433126ada,0.005543772169240255
ck_73cab88b29c7845d,0.08290133963768662
ck_5b5dea6476d4e182,0.03198410778622649
ck_ccccb17d2ca6ce94,0.012108987564506611
ck_cd1dc68e441222b1,0.9372431072711236
ck_8312c49b1431a406,0.012422651392808275
ck_25fea39897f2a559,0.002419548362387035
ck_f56200205280bddf,0.03105459691365225
ck_7336611650dcc088,0.0016257501141145095
ck_590716322ff147ae,0.019671004338125082
ck_c82364d87875a1a1,0.008028391890215585
ck_fa4b60387d744fc5,0.001232992404995624
ck_d841eba8906e9a15,0.0012442968496681611
ck_d6df562a79b9d0d9,0.007100950449826828
ck_59a14d2564193101,0.0022040722993078134
ck_8530158e3d7f59e7,0.002864603217378529
ck_ac68d707006c12a8,0.008005020266769924
ck_976fac1bb3dd8c58,0.04953458150256558
ck_f854fba8f4adae3d,0.08721476654952667
ck_b98e9c3ec6e7d1e7,0.004992077696164512
ck_803c0b4cf9d4bc1d,0.013739262754971542
ck_76997a33c3ea5107,0.0011300864159442677
ck_f1a9d832b700bda1,0.9756099489157978
ck_2bd96ddb8c323d63,0.9701910900392143
ck_9e5b7acf51b1b743,0.009942433303601325
ck_09169f22194fd6aa,0.02332485397388019
ck_6d69e092f9b0848b,0.009770608424375047
ck_9f83fa5a2d3b9049,0.01050274083875266
ck_57bbb19eecb4b87c,0.0035600039330775657
ck_e0e9cfabb979f428,0.0058021005995059285
ck_b1ff9edc51d42f97,0.004322254588772296
ck_4682fad271d47eb0,0.9010454742982703
ck_ab33fb754c818ae3,0.027551231202559423
ck_b456f62b80e21557,0.0014605178551964331
ck_16340be3f2a7fffd,0.0009366298179314227
ck_ce66831f6611014c,0.0069946645187211
ck_4610a073bb54d1b1,0.1582889466545772
ck_fd038a7d33a9d6e5,0.000948486676712232
ck_c8198cb4c461304f,0.045477324285819014
ck_1e7de58822000dea,0.0021921391855050884
ck_b2a79dd3df560f14,0.018259627111553312
ck_74a06f347b32347f,0.010738606509763278
ck_c6fdb2972417c9bd,0.007973895659865787
ck_d7607a213b800bfb,0.04581591285263982
ck_df65967b8b40319c,0.002324420164543072
ck_329a73dbd585ee09,0.0016043628089929098
ck_74991a9e85c3b07d,0.006555775324625461
ck_bb76609b79e0bc9f,0.005763198440230535
ck_f7fc1bd0b9ab1fa4,0.03147959790637947
ck_d111c98b36bdb791,0.002594115299809864
ck_f07e27d125497b66,0.015429966859556344
ck_093e3a7134e11d6b,0.005172455634928706
ck_862c7953bdea48b0,0.014248794577386493
ck_392cf2cdd515c34d,0.004471425965619796
ck_80eb91b0b4001084,0.04455107163373671
ck_5923f53b77193a58,0.05609756143914256
ck_8049f5fce32be185,0.8508647932813951
ck_ebc5a2c6cf88e252,0.02004554243512614
ck_9ea5872f14cce338,0.01175853582920794
ck_f7fbc95ebf584379,0.0026335390355677803
ck_bafe82c870356706,0.9685727605555918
ck_278b36c5932d9bff,0.0011971978250827743
ck_6a892dd5d05c1649,0.007462372342460055
ck_0734fd90b2cabd43,0.006384555613232249
ck_9b552204498b6762,0.01853278275316367
ck_f6c909c205767956,0.02704203975006445
ck_32f590e87bc3d715,0.00132240003636387
ck_66a8325f28be7562,0.024119791816125856
ck_b129261da9c3c3c9,0.0018826109134272497
ck_a524071c51ddde20,0.008047471559256962
ck_ba576d6d4cb6130b,0.08244585391465105
ck_8d8226520722af78,0.16812897349408953
ck_c5b0f0d4f1655a20,0.015366397699311623
ck_61814ae9b6d8eab1,0.002270175490001712
ck_382ebf136f7fa337,0.30911223700916957
ck_423ff4ede6a9f066,0.0073283556447542334
ck_546ad962d04b7de4,0.9778048355352974
ck_9473ea4a01c95f9a,0.055334839604645567
ck_9eb1da8cd35a50ce,0.004776501774924749
ck_de5eaa2cdbcb67ff,0.06475058363267247
ck_537cc97d0398c922,0.046686214044157355
ck_998475a2e4dfad4e,0.002241141862639288
ck_e62eb708d2688fae,0.015364453275527473
ck_ea623358f704daa7,0.08261643288210425
ck_b911a09f328dfd4b,0.0016953882873436156
ck_4b3506b624e5193c,0.017633034227689828
ck_448456f96788713b,0.03071090559531268
ck_5d5ef9e75f65d076,0.026264643984248198
ck_3b74512f774a6e5a,0.0027892193595034824
ck_a032e8ac1507c6df,0.8889604412597437
ck_7e2d6b22a0ae20c2,0.023051919763600815
ck_d80283209c963f11,0.006942575105722166
ck_d1157eade2ac3975,0.007539763123046922
ck_be48f583f79427f7,0.014071293600109126
ck_0027b5d4107d65d8,0.041115993064642115
ck_94fff69584dd3b2a,0.01967362276560925
ck_75fcda73f0b43557,0.01144325963846482
ck_a1c78972e4ee4082,0.0293697869206608
ck_f0982bbdbd122f91,0.008905057084108577
ck_3199b471575aeb3a,0.006368436360561638
ck_7fa947a0b1c1cf74,0.03550540168278257
ck_a60c618b7f0e4252,0.003589320195419632
ck_722ac47c8ac9b6c3,0.35648437059324195
ck_d44dc3839a195c8a,0.053714140557175334
ck_a2c3e82fab520483,0.015778776774054416
ck_6f8ae0319c07cafe,0.002459073297559563
ck_49886ff1e2c759d6,0.022631634468804788
ck_150a1108f936e6b0,0.003438982562620923
ck_e21f9f96f597695b,0.004744716797116676
ck_7297bff2b7fdcbc8,0.0009983846249186025
ck_ee949c71f4f702eb,0.9523424765642687
ck_6fc37dea4b4f35c6,0.03948022972662482
ck_e76257caa98dc25d,0.950488897612863
ck_828eef2334e17b3a,0.006545526906054625
ck_604e1b8a8c693aa7,0.0020768754369954617
ck_7743c9fe037d1f9e,0.006030730454140687
ck_864a11202e19e812,0.16066146398336284
ck_4ec040b9e3785e4a,0.0032016788038447563
ck_7346e4f820d9c00a,0.8864525637901872
ck_48d4d63beb26b623,0.006121418311514329
ck_c423aa6de3ed1e01,0.0030411235293338716
ck_d74b2ead8aaa3f73,0.014508865466889226
ck_1dd69a11daa7bf1a,0.03346943316787165
ck_d9143e236eef177f,0.004699024525923466
ck_f790d91e5ff0eccd,0.32110270679024827
ck_69b5620e00ef5dec,0.001420455100050499
ck_cd32e58e8a1c0e85,0.005960745509921684
ck_064013b0957d87a5,0.9913953317680709
ck_a481385c2e60dc4a,0.002242348867379312
ck_d72035cb29db3aa4,0.021236762847091077
ck_3759939a0205306d,0.0059521615032111464
ck_f437a53fc832ec95,0.8235581780107746
ck_260ef2f3e6434819,0.02271552933351476
ck_35e411b05d22f663,0.009907130130086384
ck_8bf46e472f3e20de,0.08139244400166132
ck_d546994fc5d3e9d1,0.015112794347325568
ck_6ff0fc7487e737e7,0.28323704668052513
ck_5c67f27816ae0b6f,0.012355529161825295
ck_c5517923458106ae,0.006726684092047218
ck_d9735647a6b0b0a7,0.7038720876987175
ck_541a734fc457246f,0.023794086073642334
ck_2f6a639468f41043,0.006040485317526145
ck_bea2cf7a6b7bb900,0.006376616732336253
ck_7eebd0e6ad6c070e,0.0037861879056612616
ck_b64c87d5e3b10e6a,0.7033434099978071
ck_9dd7daacb7833233,0.014193403894268436
ck_396e9ea9a6c6d7d9,0.0044408599554302125
ck_1645e6cc53fa99ff,0.06848342403974934
ck_ea2a83ccb8d57490,0.003716129397248095
ck_e64f0df63e1be595,0.01324394395120407
ck_fa0b234481cb57d3,0.023835284546978353
ck_63379e3c9fe6f711,0.07977604683416702
ck_c67f7944896a0310,0.03178841991122823
ck_c10e54c9db29e6ef,0.988751541836214
ck_7184ad7709ae4c80,0.017960191510698935
ck_f8b6069d7577fde6,0.0037687806350871923
ck_18444be153bac1ca,0.912046996112717
ck_d0982b4e0e118e4d,0.007034216643886262
ck_6faf3e6820398866,0.010461123478041288
ck_97e980463aca4644,0.0024775775806839943
ck_630c835243c66b19,0.9722863288567943
ck_fe429ba3e1aa0e4f,0.0023896169826649227
ck_1058129ed7b48c59,0.019764826813790406
ck_04a1a46f07885296,0.01864001132355462
ck_f01e94331067edf6,0.006549965151721446
ck_77b2fb17c29f5e72,0.008693716393821443
ck_4f0c5857da45fb28,0.052375861711367475
ck_2cfb9a7775e8a5bc,0.9631914305048137
ck_6846100e43659bf3,0.0023340817874864493
ck_f89719a854fe11d7,0.012085149954468426
ck_bf47375e41ca3bc0,0.001954880622057471
ck_2770b0400a7bef08,0.07786745090956702
ck_2a09d142de1c77ff,0.013746175878607093
ck_857a1f5547b9ad68,0.013892903574202305
ck_185f15b1523bbcf4,0.0016807596607018413
ck_ab2aed614ec1cdf8,0.013213401490599012
ck_a9e7f3b2d5dfd97b,0.009514135311516517
ck_0eeb3d9b3e697edb,0.01173085364537272
ck_fa5830d81bc8ddc1,0.0014501339969648548
ck_231ae0329ebc3220,0.0036697612316401295
ck_1587763dd54688c9,0.00605778597235615
ck_9f85fea4490c00cf,0.010636624330330826
ck_a2d709e7eb91e4af,0.0454269500356032
ck_43637d28c7216453,0.0019890498029315616
ck_f3ab5dd853d38252,0.016600124549826987
ck_4a1f0172d3bf4fd3,0.0021439224099581078
ck_517620ca16505af0,0.003670076327068232
ck_9ae904fbef56065c,0.002136300413634962
ck_d5ef1f6e34bb35b8,0.05446626765599612
ck_ff42557857ae3aeb,0.0016609499659300574
ck_ad9a18f58589faa7,0.003646361768202872
ck_df1a6edaa3e6b271,0.0036125335784033107
ck_99021fe7225b5a68,0.019399340957085516
ck_99e52c3c2530b69e,0.9850463107639847
ck_3a4811dc4a1a891d,0.0038252764980799213
ck_ba3a6be026c87079,0.004669957685820183
ck_da6d1e5cf6aba6fd,0.016912829103844097
ck_ddc7c1f3d45fe6e6,0.00878750598278422
ck_e1b1e7a7e4a15b3e,0.002636018927470392
ck_8288f7f226e08b89,0.006999376450472247
ck_c4524993ec31dbe5,0.0030698616302472018
ck_8b19bb5b23b6741c,0.006963539774280975
ck_d21b38231a8a9f4a,0.09365112864377281
ck_3f730318a9792292,0.014871291568500422
ck_a4db6e94a8f77f9d,0.038285356452000166
ck_a8cac8d480306839,0.0019222736415620552
ck_5472214011fbc2a7,0.0029741119710866874
ck_7356f47dbbbe7904,0.005064344770443769
ck_16801e628e883d78,0.010022423954997722
ck_0dc1e536231c4860,0.014013222306562675
ck_7cd0634a6e60af83,0.014099560447021233
ck_ef6f8e048ae1bd4b,0.006688773833778476
ck_82f3f744209888ac,0.036622315565837345
ck_f33188c232a03526,0.1479143096494508
ck_4a59f4e10bf45d7f,0.002421616983631181
ck_d96c893721385e4e,0.0014901487763321318
ck_f65ab819373edb37,0.00923144976213364
ck_21cac21fc10b7768,0.005544987464353777
ck_139b54e6ccbdd7da,0.07057093379679134
ck_d6f5c8741697abb3,0.016966345521418725
ck_a28d9bb5590d458f,0.059770324494553564
ck_ed26d906883bea0a,0.02431958861265376
ck_227602ad072b838b,0.002336114450647159
ck_39d5f6c17c745ab1,0.001674787238071309
ck_744eade757ba69b5,0.09976166742986628
ck_c1295d97cdf35ec2,0.007431341284133945
ck_69105f881da3c821,0.01859464469398728
ck_933789b55361d7c1,0.6503797981173993
ck_b667952253503174,0.004297984320172182
ck_7bf668e25abeeb05,0.006236900466401357
ck_91742711dfdffd56,0.01829670561553316
ck_af32a0660090dd68,0.04403866289496902
ck_2122f201e65f76ee,0.005041269304045818
ck_f48acb73a5d6af07,0.20039780528542417
ck_337c5684510cf432,0.014343299121724409
ck_f7bde7265053364d,0.007369501168810689
ck_c190c7b924edba75,0.16862552112313514
ck_044fa3b3a003f0b5,0.008125458885465757
ck_87eb43e3b9d96169,0.030826200242424707
ck_2d3d6c9364362017,0.0011870682037513603
ck_ac55dc6cbcdf8228,0.008192630669746691
ck_61d7b0568ec5d6cf,0.031913928811222035
ck_89c74feeaffa7d09,0.002004083516815963
ck_93776b0c113f41f0,0.03740555073538532
ck_15e0b679931f7a8d,0.0044417562366752495
ck_77b56c49cfdb1d81,0.04640748541918992
ck_73188a826b5f499f,0.005401546294126424
ck_4f463ef25325ddfa,0.5101821115518007
ck_863db2e394dc47d1,0.9579138972523377
ck_d52432ed597f3cc9,0.004146894225529502
ck_04fb61e5739642f8,0.08851421698160099
ck_2e481d75d110c06d,0.3664593791503621
ck_3fa1a523d77cd619,0.02226308227562737
ck_466dc6274fecd708,0.009923851397386467
ck_e1790b3aa2241b10,0.8663702117289445
ck_84ad096a46e1a960,0.023072245379663736
ck_3be72c9c178fa00d,0.039916651929126835
ck_5a17c89219d1d9fe,0.015903341485861998
ck_4f639f4ee6ce8d9e,0.03838481566839302
ck_f4ec4a935e51b4db,0.019683039513010994
ck_f04040a830f92bac,0.009246248238474274
ck_3e4d02a04be2aaf8,0.014751879582669132
ck_4d1baef193cfb900,0.009209157758494572
ck_0fb3153d37626b75,0.0015684670891631248
ck_88ec57a11b11f702,0.9436882741087981
ck_dca9dc465f759db4,0.0017549297245104663
ck_64f5fba6af67e024,0.024185412611249596
ck_896096cb167254ef,0.13520234755998584
ck_7878679065876b98,0.01777659120750928
ck_fe8e5a6c880ceb4e,0.005340806787594817
ck_a5e036327d3d1862,0.0013292894332481114
ck_310f73940fc4cf4f,0.009871369358232202
ck_46a8db16ad00b749,0.007650361405980853
ck_0d33977c3de8cfaf,0.9926717391331368
ck_c6fff412f531db0f,0.001630885596239585
ck_bac6dadf428eaea9,0.010124305657500183
ck_1b96d9af0d7da2d5,0.0044974798897406765
ck_fa8a4a9e77799fcc,0.0035984987078958005
ck_0bf48607a874b4d1,0.004741372729272566
ck_eeb75f8a6439f65e,0.008974084404217222
ck_a209a5f7d172125e,0.01095998038409602
ck_8f346b72fb40bf14,0.006847660963570776
ck_bccbf9fef367f00f,0.01507196444613919
ck_2d1548f1ee405cc9,0.0037236630091307095
ck_e8298ff2dc1e9d50,0.0044687895001835655
ck_77c0fb524edb4a94,0.005397891735168286
ck_28ac4c5134cb8e77,0.021502821018513273
ck_db23a0e3e54be60c,0.811406418552647
ck_a059d00cee5cee99,0.002110947124994499
ck_3e9e3bba8bd363af,0.0029825058786597932
ck_0428728df24cdab4,0.011798318611322531
ck_88cd35378075c84f,0.0018732201197432078
ck_0174d76398d9dc0f,0.008563998276353171
ck_3f1287e6c27de0dc,0.003866589612543269
ck_ff822700f3605e06,0.9933088466280988
ck_4563227b2038ae07,0.029839670381827353
ck_788e78065526ee19,0.019976772564511757
ck_8a16eb584093b12f,0.0007854344555612661
ck_cc276f71ab6c08fd,0.017768904296942355
ck_d61d97b21002f3e9,0.11354234965426217
ck_4b2e87d86a5e415c,0.014115822639378894
ck_3e6f35e4500d2f2a,0.0012772191683031505
ck_3acdb083e0d8ad61,0.0010381932515756865
ck_cd655202db489010,0.0015807490223630715
ck_829cbf5ccda481ae,0.004257832125336083
ck_f5882e6f98b8b4cd,0.0016308363520394977
ck_767947540b234add,0.007958916907994697
ck_a6e8e8f535b1f1d1,0.020439260928986906
ck_58412a2674fea506,0.012023119325654585
ck_fae7e518a585fa61,0.022208001277164956
ck_9c60ae6958d68dbd,0.07393066840515787
ck_328696b8f5e54ec6,0.023054818860338156
ck_7df3f8f4f1068d62,0.002191172613783384
ck_cfadd21458230ef7,0.0049008686975848155
ck_7048bedd554c703b,0.003596377291593662
ck_50422466f145bfd7,0.0014570572160929201
ck_61e1f7168cd9ff25,0.025127203825718796
ck_733aff0f56f5b3c9,0.010836601027306459
ck_e14892e424180549,0.0010289762241576198
ck_03f6664a96de7d0f,0.011884365248639528
ck_b7f4baa2cc82fe61,0.008053503990127288
ck_1e51199a075ca0fa,0.006573243302571653
ck_0e70516fa07cfb17,0.8837450794808185
ck_0f37c554a5057801,0.7692413781389418
ck_5576b725de38d106,0.03293134429861333
ck_82f360df1e9f4eb8,0.026943967759149524
ck_395f3bd4aacd7ca6,0.005252475202866688
ck_5e8e857b63966609,0.14885149290587438
ck_93470896f0804b6b,0.9075654313579363
ck_3be854e42e76569a,0.0029840851438586915
ck_0567302c57a2417e,0.05471505267191765
ck_ee535461b5f05539,0.8570660655516182
ck_94a096c36162a153,0.007426878677985473
ck_dfc8f5c141fd7c63,0.07710327717755644
ck_98b34f2d704c1c2a,0.0069430663168985295
ck_96dff7a09d45f116,0.03243580192225784
ck_79557434c129ba52,0.0020844878299487116
ck_4596624a7c01d501,0.010236229651123422
ck_04e89fbd739243fa,0.0012331246160361845
ck_6149ffaf18872dc8,0.0017335921301603577
ck_cd78f0832a09bd8f,0.5410598943605767
ck_7e29c10d781c3b41,0.02593841943969701
ck_1f7ee7b23fc6f2f4,0.0028395336003629082
ck_c49b685d2b3ab89a,0.002140608256608022
ck_84569a8fc50e73ac,0.007340925246334163
ck_b92b11d205af91eb,0.001309425504080852
ck_06280e6d6d2485b0,0.003897447409000936
ck_3c08546dd0c92863,0.00692769472459295
ck_99d3983f907828bf,0.0025542458939441614
ck_eccfd552aa652d3c,0.010772199493324216
ck_0cff8153881875ba,0.00804501733775963
ck_c1aebbeca6ab5ff9,0.004408646117941116
ck_538fdbbb3c2bcbbb,0.047284228402115665
ck_8c0210322733c718,0.004337488362811282
ck_0b0c93039f987abc,0.00542858347207721
ck_6d07d6d1bd227d37,0.054435075462214814
ck_9b6ee35e8cd0b11c,0.0021798102174136733
ck_d838491d3d4f5ecf,0.0032824174483743365
ck_0593ae243a9ebee9,0.013504290479439102
ck_ef261fc09be8eb0b,0.006659824701104128
ck_d0935b571a4a3868,0.03723945321716754
ck_97d04a67a104af39,0.06962559958525501
ck_e25f70d0b7229420,0.02382667007801427
ck_9b71274ff83de482,0.977295215582977
ck_6de2aa2bb60978d3,0.027433800884347347
ck_eda55c8fb47593d7,0.00832003326255801
ck_924e572517515f19,0.6910369922191886
ck_d6f27eacbad310f4,0.0057222561350124745
ck_8550f229b5eb03ab,0.002472678280471891
ck_e3e95546a84d0ed8,0.026855374017013857
ck_3135c019696ee6af,0.9312566168081586
ck_41ba315d8fccb559,0.005546384913355639
ck_72b86e4485da2d0f,0.9812072170758379
ck_daaa995f3c2f0e47,0.013678503708607627
ck_053746067839696b,0.014892070922677681
ck_a15fe7d0f4b65c33,0.6819844329088919
ck_15de11438732bb05,0.008882293333765305
ck_2c4d25acbe3fabd9,0.004591171865604992
ck_7f08078908599bd2,0.020936790147392647
ck_e794741742fb2619,0.00477278212086137
ck_238e53b6dee8c301,0.0012810594777263123
ck_53a6a33060d5c8b8,0.0044407145036330035
ck_0e0919292ad33472,0.9665833479428406
ck_d86ccf148c06c8c8,0.07682536494875496
ck_c881f26c9bf9ae42,0.4636376066487277
ck_4b0947bf94e9d847,0.024139054132776134
ck_e10ff5c38bd18470,0.004984826272107085
ck_b60de9e97aad9e45,0.8942627013956099
ck_190bc849e5ff5401,0.014553293603043081
ck_e7be077aa0b2632c,0.0013665898963290829
ck_a51abde881ebeff3,0.015237787832308896
ck_2208392a9f6bd249,0.0133051742123644
ck_0259da8f109017e9,0.0031666603272935464
ck_05e01ab9c95449da,0.010431545003489454
ck_c82897ebffb6ae66,0.005650898189663653
ck_b4a6bb4689cd7cfa,0.019630271241378006
ck_9e21ea33018ce538,0.011938846089540128
ck_caa348f0e65db062,0.9688053482940157
ck_a964e6b5d8415334,0.23099924370524008
ck_510bfbbee37ff436,0.008236321552476998
ck_9741a82faf5c7889,0.03793932690293453
ck_e7f61b4a39ba98ac,0.001995710841434883
ck_069d158665a53909,0.004068236795456089
ck_6426427efe3228af,0.0219789393589271
ck_ab4a8d02ec3c0fd7,0.001732725807979947
ck_aefa0d8d933e0eca,0.018709586725440305
ck_232325ef6bce92f1,0.005423245073089421
ck_14e58c3fb26a2b4d,0.013681649092388214
ck_06e73afdec26aecc,0.0687978051007747
ck_3168f4f2778d64e1,0.008044490371997996
ck_ff3998d6858daa21,0.0022326469713825673
ck_bccff46fb0868454,0.15511050777120797
ck_c7d444d90fa86d7c,0.5395081576615894
ck_f0bc3bdee6bfbb94,0.007478029287092204
ck_f7112818a6d81422,0.12383196756010766
ck_aca35dbcb835ad02,0.0051260550994480045
ck_f637fabf0f60528f,0.04172331626390542
ck_53d17ab97de1ac3e,0.0033376277185459694
ck_c8c1bf16d9113493,0.012856288572772953
ck_e842fb0cf055a83b,0.03169367975313842
ck_93c0cb3dac4891fe,0.007002501874976485
ck_0c1f088e17e46daf,0.0214312497793258
ck_8f4b384955bf57c9,0.006007128642989913
ck_09cd5c4df1e81ac2,0.4910512094338962
ck_1e832a5b2342554f,0.010506787024149887
ck_2cb763a881aee27f,0.002087778251468786
ck_5875828b11406398,0.019616263403559445
ck_48e84b0cb0b90fa7,0.012213065429455076
ck_833688de8629c5c0,0.005364991806631304
ck_117d78ccd5820f36,0.0218427706129143
ck_668ec61c4c39cae3,0.0010842711163106347
ck_73a7794b659d7a34,0.0023341832518626263
ck_10f90d879209734f,0.009832887772662644
ck_d1d079913aa158bf,0.003285659796298114
ck_01c631b38e8a9535,0.0016068132499674366
ck_f6923088c17a04e2,0.07350395285569498
ck_b447badc9138987d,0.0014933446120924685
ck_8b772caed8f1541c,0.003779450738817126
ck_5403c76fe68a08ba,0.257208906500501
ck_3e6833574edf1736,0.007562770276485551
ck_e527fbb9450a4581,0.909262132240077
ck_cc90e219f1ebf390,0.0036126065420529585
